unit,time,y_true,y_pred,prob_Stage4,confidence
10,83,Stage 1,Stage 4,0.9133443773529148,0.9133443773529148
10,88,Stage 1,Stage 4,0.7649922495853638,0.7649922495853638
10,104,Stage 1,Stage 4,0.5011556968705556,0.5011556968705556
10,114,Stage 1,Stage 4,0.9003952990239945,0.9003952990239945
10,115,Stage 1,Stage 4,0.5521188592866424,0.5521188592866424
10,117,Stage 1,Stage 4,0.5863681245152799,0.5863681245152799
10,124,Stage 1,Stage 4,0.7060336734086293,0.7060336734086293
10,125,Stage 1,Stage 4,0.7989178587618131,0.7989178587618131
10,126,Stage 4,Stage 1,0.11042615626678597,0.8895738437332141
10,128,Stage 4,Stage 1,0.1634129373782332,0.836587062621767
10,137,Stage 4,Stage 1,0.056206155729990284,0.9437938442700098
10,138,Stage 4,Stage 1,0.3468831279794683,0.6529196917736363
10,139,Stage 4,Stage 1,0.06555100002910842,0.9344489999708915
10,143,Stage 1,Stage 4,0.5823518382996854,0.5823518382996854
10,144,Stage 4,Stage 1,0.42499586356790503,0.5744012123621423
10,145,Stage 4,Stage 1,0.19543710774609063,0.8045628922539094
10,147,Stage 4,Stage 1,0.4327210355150682,0.5670893106851222
10,154,Stage 1,Stage 4,0.5766716740142244,0.5766716740142244
10,155,Stage 4,Stage 0,0.47183531412226093,0.5249871984724299
10,160,Stage 4,Stage 0,0.30597452392881713,0.6908533311514896
10,165,Stage 4,Stage 0,0.21235631202219374,0.7850162990227266
10,174,Stage 4,Stage 0,0.1897947153270109,0.7716829791856415
10,176,Stage 0,Stage 4,0.527151759357438,0.527151759357438
10,178,Stage 4,Stage 0,0.011147334315900091,0.9410438445878017
10,182,Stage 0,Stage 4,0.7842193877534666,0.7842193877534666
10,190,Stage 0,Stage 2,0.0,0.43476491091137914
10,193,Stage 0,Stage 2,0.0,0.6427195146398568
10,194,Stage 2,Stage 0,0.0,0.39821431433726795
10,195,Stage 0,Stage 3,0.0,0.393964160371941
10,196,Stage 0,Stage 2,0.0,0.4971998672230107
10,197,Stage 0,Stage 2,0.0,0.4227937106675832
10,200,Stage 2,Stage 3,0.0,0.42993572295009436
10,206,Stage 2,Stage 3,0.0,0.5772948826307406
10,207,Stage 2,Stage 3,0.0,0.5458444214354549
10,208,Stage 2,Stage 3,0.0,0.6266237055483517
10,209,Stage 2,Stage 0,0.003937583152584172,0.8869462632889994
10,210,Stage 2,Stage 3,0.0,0.5284317582263363
10,213,Stage 2,Stage 3,0.0,0.6186293355903949
10,214,Stage 2,Stage 3,0.0,0.7346583393239108
10,215,Stage 2,Stage 3,0.0,0.6726553723091895
10,216,Stage 2,Stage 3,0.0,0.5802804879705785
10,218,Stage 2,Stage 3,0.0,0.5174050789876287
10,219,Stage 2,Stage 3,0.0,0.6660452841418789
10,220,Stage 2,Stage 3,0.0,0.6447503214165807
10,221,Stage 2,Stage 3,0.0,0.9262867141604014
12,5,Stage 4,Stage 0,0.29472018438573194,0.6856639142009464
12,11,Stage 4,Stage 0,0.029790070048628162,0.960387512586817
12,12,Stage 4,Stage 0,0.375303770020415,0.6230036230694789
12,26,Stage 4,Stage 0,0.4612380850493689,0.52710501678071
12,29,Stage 4,Stage 0,0.3019729590014785,0.6883742702727201
12,32,Stage 0,Stage 4,0.621941050917072,0.621941050917072
12,34,Stage 0,Stage 4,0.5504721710177151,0.5504721710177151
12,51,Stage 4,Stage 0,0.37665736746202017,0.6166021979409148
12,53,Stage 0,Stage 4,0.9408243829041157,0.9408243829041157
12,65,Stage 4,Stage 0,0.2942459315711477,0.7017131594098225
12,66,Stage 0,Stage 4,0.5847176629274767,0.5847176629274767
12,74,Stage 4,Stage 0,0.2802765864591962,0.7183100104135112
12,76,Stage 0,Stage 4,0.6234107986471917,0.6234107986471917
12,79,Stage 4,Stage 0,0.374792320757091,0.6234158950576607
12,84,Stage 0,Stage 4,0.71940288304382,0.71940288304382
12,89,Stage 4,Stage 0,0.17415306071989642,0.8045697096001005
12,94,Stage 0,Stage 4,0.5691350811773191,0.5691350811773191
12,118,Stage 0,Stage 2,7.56708025875945e-05,0.4620256316631338
12,128,Stage 0,Stage 3,0.0,0.782104859304847
12,129,Stage 0,Stage 2,0.0,0.6717614671851374
12,130,Stage 0,Stage 2,0.0,0.3699910271556252
12,131,Stage 3,Stage 2,0.0,0.6403905176960248
12,132,Stage 3,Stage 2,0.0,0.5992346005922894
12,137,Stage 0,Stage 3,0.0,0.6139615602644048
12,139,Stage 3,Stage 2,0.0,0.4776041824652097
12,141,Stage 3,Stage 2,0.0,0.556279274453083
12,142,Stage 3,Stage 2,0.0,0.5078480993632273
12,143,Stage 3,Stage 2,0.0,0.48051163902230104
12,144,Stage 3,Stage 2,0.0,0.6510535774213106
12,145,Stage 3,Stage 2,0.0,0.4516473988037712
12,146,Stage 3,Stage 0,0.0005185843572716799,0.5366618550937731
12,147,Stage 3,Stage 2,0.0,0.600809418064733
12,150,Stage 3,Stage 2,0.0,0.5358382189997666
17,96,Stage 1,Stage 4,0.5451715855064169,0.5451715855064169
17,121,Stage 1,Stage 4,0.5819817421418693,0.5819817421418693
17,122,Stage 1,Stage 4,0.8456578998145606,0.8456578998145606
17,123,Stage 4,Stage 1,0.020505892307485053,0.9794941076925149
17,126,Stage 1,Stage 4,0.5673171230355811,0.5673171230355811
17,127,Stage 1,Stage 4,0.8752415444576349,0.8752415444576349
17,128,Stage 1,Stage 4,0.6025175572943005,0.6025175572943005
17,130,Stage 4,Stage 1,0.24551120738771015,0.7544887926122903
17,132,Stage 1,Stage 4,0.5396996120522555,0.5396996120522555
17,134,Stage 1,Stage 4,0.5228831348791392,0.5228831348791392
17,140,Stage 4,Stage 1,0.02039480417877786,0.9796051958212221
17,141,Stage 1,Stage 4,0.6380071073168914,0.6380071073168914
17,142,Stage 4,Stage 1,0.1166362503512657,0.8832260300925735
17,143,Stage 4,Stage 1,0.06709438473515435,0.9329056152648455
17,146,Stage 1,Stage 4,0.6743975790141095,0.6743975790141095
17,158,Stage 1,Stage 4,0.790162407252431,0.790162407252431
17,160,Stage 4,Stage 1,0.2797015271541158,0.7202984728458847
17,171,Stage 1,Stage 4,0.8548111321229309,0.8548111321229309
17,173,Stage 1,Stage 4,0.8502766126841343,0.8502766126841343
17,185,Stage 4,Stage 1,0.4303678943008434,0.5693182221258223
17,192,Stage 1,Stage 4,0.870716340724544,0.870716340724544
17,194,Stage 4,Stage 0,0.3180679923922208,0.5182538667340215
17,203,Stage 4,Stage 0,0.4016781362839703,0.5914629601506326
17,212,Stage 4,Stage 0,0.16067340473030806,0.8247141411174839
17,221,Stage 4,Stage 0,0.2799508531973937,0.7170741852854768
17,236,Stage 2,Stage 0,0.0009441304683485282,0.9094949924073207
17,238,Stage 2,Stage 0,0.012588781055048383,0.8473654684123407
17,239,Stage 2,Stage 0,0.014586298607557785,0.8011239814105516
17,242,Stage 2,Stage 0,0.00013828729634776318,0.4681204129888257
17,243,Stage 2,Stage 0,0.00248304273758386,0.8659934604721982
17,244,Stage 2,Stage 0,0.007773578442840797,0.7092506579810394
17,245,Stage 2,Stage 0,0.0007509000194910165,0.8573116137071095
17,247,Stage 2,Stage 0,0.0019000464398516248,0.7784476021539273
17,248,Stage 2,Stage 0,0.011092152328277061,0.9032567712771072
17,250,Stage 2,Stage 0,0.005680000300460388,0.5841182533942
17,251,Stage 2,Stage 0,0.0013746861792825755,0.828889955021937
17,252,Stage 2,Stage 0,0.00858047659498208,0.9110393480684323
17,255,Stage 2,Stage 3,0.0,0.510582254341722
17,258,Stage 2,Stage 3,0.0,0.40522018130053367
17,262,Stage 2,Stage 3,0.0,0.8094803584803874
17,263,Stage 2,Stage 3,0.0,0.5024777002642357
17,266,Stage 2,Stage 3,0.0,0.5669201907541044
17,270,Stage 2,Stage 3,0.0,0.5571461017406827
17,272,Stage 2,Stage 3,0.0,0.7794934394317943
17,273,Stage 2,Stage 3,0.0,0.6882473262375449
17,274,Stage 2,Stage 3,0.0,0.863888134394139
17,275,Stage 2,Stage 3,0.0,0.7792437460839879
20,2,Stage 4,Stage 0,0.09634987997785549,0.9033699985340591
20,4,Stage 4,Stage 0,0.2769770176824653,0.7068323076318009
20,21,Stage 4,Stage 0,0.3711655154429436,0.6240787156995018
20,29,Stage 4,Stage 0,0.2279816485307497,0.7708342812559351
20,30,Stage 0,Stage 4,0.6258099126707837,0.6258099126707837
20,35,Stage 4,Stage 0,0.48670215026550695,0.5091508158183486
20,48,Stage 4,Stage 0,0.08943554590754858,0.8794614930486695
20,51,Stage 0,Stage 4,0.6131845006926003,0.6131845006926003
20,56,Stage 4,Stage 0,0.1982241222939787,0.7589980439779361
20,59,Stage 0,Stage 4,0.5895709554784524,0.5895709554784524
20,60,Stage 0,Stage 4,0.5469459181384179,0.5469459181384179
20,81,Stage 4,Stage 0,0.04490226900164076,0.9312685073256479
20,89,Stage 0,Stage 4,0.8592636860954542,0.8592636860954542
20,100,Stage 0,Stage 4,0.5674175428316834,0.5674175428316834
20,101,Stage 4,Stage 0,0.33072994326708605,0.6645844196999271
20,105,Stage 4,Stage 0,0.05892188494934446,0.8737746837452376
20,114,Stage 0,Stage 4,0.7495305142253179,0.7495305142253179
20,115,Stage 0,Stage 4,0.7570171233942489,0.7570171233942489
20,125,Stage 0,Stage 4,0.5422310428241081,0.5422310428241081
20,140,Stage 0,Stage 4,0.5638440133830873,0.5638440133830873
20,152,Stage 0,Stage 4,0.6657463707474204,0.6657463707474204
20,161,Stage 0,Stage 2,0.0,0.5632948882362954
20,179,Stage 0,Stage 3,0.0,0.3906712449516544
20,182,Stage 0,Stage 2,0.0,0.42820583760726244
20,185,Stage 0,Stage 2,0.0,0.5136008699637616
20,186,Stage 0,Stage 2,0.0,0.4315281556067008
20,188,Stage 3,Stage 2,0.0,0.6912270538269423
20,191,Stage 0,Stage 3,0.0,0.39218785591266536
20,196,Stage 3,Stage 2,0.0,0.45416208065891805
20,197,Stage 0,Stage 3,0.0,0.6973816407239429
20,198,Stage 3,Stage 0,0.0004983082758448526,0.613069785311024
20,199,Stage 3,Stage 2,0.0,0.5952690492440494
20,200,Stage 0,Stage 2,0.0,0.546624694033716
20,202,Stage 0,Stage 3,0.00017739702425460758,0.4086892304039705
20,205,Stage 3,Stage 0,0.0,0.5622157270744661
20,206,Stage 0,Stage 3,0.0,0.5459717455924525
20,208,Stage 3,Stage 2,0.0,0.48560943799510436
20,213,Stage 3,Stage 2,0.0,0.6441380918534685
20,215,Stage 3,Stage 2,0.0,0.754880142265609
20,227,Stage 3,Stage 2,0.0,0.5958058916843444
20,230,Stage 3,Stage 2,0.0,0.5027543352671386
21,6,Stage 1,Stage 4,0.7721153314822627,0.7721153314822627
21,9,Stage 4,Stage 1,0.12948977192362326,0.8705102280763769
21,12,Stage 4,Stage 1,0.46984937661244164,0.5300503556135369
21,19,Stage 4,Stage 1,0.2898272762452661,0.7101727237547343
21,20,Stage 4,Stage 1,0.09221484580240483,0.9077851541975952
21,25,Stage 4,Stage 0,0.2876498723001391,0.7065125728647156
21,27,Stage 4,Stage 1,0.18288651188715854,0.8171134881128417
21,38,Stage 4,Stage 1,0.13650335256309,0.8634966474369099
21,48,Stage 4,Stage 1,0.15738568536397832,0.8424810859870544
21,59,Stage 4,Stage 1,0.4474719946998139,0.5523308250532903
21,60,Stage 4,Stage 1,0.19437034936878794,0.8056296506312121
21,92,Stage 4,Stage 0,0.07146181399348514,0.8617901379966156
21,95,Stage 4,Stage 0,0.4523676766224636,0.545345596971071
21,102,Stage 4,Stage 0,0.4771306451828421,0.5228693548171578
21,109,Stage 0,Stage 4,0.8998454428817714,0.8998454428817714
21,111,Stage 4,Stage 0,0.08222796924903451,0.9131963134046117
21,116,Stage 4,Stage 0,0.1572234400633352,0.8392494164301844
21,123,Stage 4,Stage 0,0.04302466178624347,0.935718275412443
21,124,Stage 4,Stage 0,0.04997110541276862,0.9455073444580154
21,130,Stage 4,Stage 0,0.25805771195411353,0.7419422880458865
21,140,Stage 4,Stage 0,0.11014846905445855,0.8633212622638403
21,153,Stage 0,Stage 2,0.0002355749242812219,0.4355985887939601
21,164,Stage 2,Stage 0,0.0018867326060036916,0.8554830464292826
21,165,Stage 2,Stage 0,9.904608179965415e-05,0.6804988072654885
21,168,Stage 2,Stage 0,0.00014850370873201546,0.4371898661929304
21,170,Stage 2,Stage 3,0.0,0.7065649934595472
21,172,Stage 2,Stage 0,0.0004617187839565633,0.8149704762357807
21,173,Stage 2,Stage 3,0.0,0.5588282379306772
21,177,Stage 2,Stage 0,0.0010324867685519157,0.4027213341665387
21,178,Stage 2,Stage 3,0.0,0.4300718479785148
21,180,Stage 2,Stage 3,0.0,0.5234696840291698
21,181,Stage 2,Stage 3,0.0,0.41213534642615607
21,183,Stage 2,Stage 0,0.0,0.4748682274679491
21,184,Stage 2,Stage 3,0.0,0.5509551772471681
21,185,Stage 2,Stage 3,0.0,0.68373003429834
21,186,Stage 2,Stage 3,0.0,0.599201493807406
21,187,Stage 2,Stage 3,0.0,0.8434038400194249
21,188,Stage 2,Stage 3,0.0,0.5663494862076239
21,190,Stage 2,Stage 3,0.0,0.6865022815191069
21,193,Stage 2,Stage 3,0.0,0.7155983519127198
29,4,Stage 4,Stage 1,0.08305754300931158,0.9169424569906884
29,6,Stage 4,Stage 1,0.33451346087440575,0.6654865391255945
29,8,Stage 1,Stage 4,0.8961371171421912,0.8961371171421912
29,14,Stage 4,Stage 1,0.08554732510165931,0.9144526748983407
29,15,Stage 1,Stage 4,0.5918891306696762,0.5918891306696762
29,20,Stage 4,Stage 1,0.38527702399259306,0.6147229760074069
29,21,Stage 4,Stage 1,0.4226263333082071,0.5773349231068269
29,22,Stage 1,Stage 4,0.9282783799668907,0.9282783799668907
29,34,Stage 1,Stage 4,0.8681102702253122,0.8681102702253122
29,35,Stage 4,Stage 1,0.4639912542488924,0.5359223320482827
29,37,Stage 1,Stage 4,0.9460338979565607,0.9460338979565607
29,41,Stage 4,Stage 1,0.2685371204592569,0.7314628795407433
29,43,Stage 4,Stage 1,0.49399317622274824,0.5060068237772518
29,56,Stage 4,Stage 0,0.49604178700941465,0.5022402325722509
29,63,Stage 4,Stage 0,0.10641249069089881,0.8878151972295653
29,67,Stage 4,Stage 0,0.39046891976926373,0.5998349214790571
29,69,Stage 4,Stage 0,0.48138647662666273,0.515955955108303
29,71,Stage 0,Stage 4,0.7772931608996432,0.7772931608996432
29,83,Stage 4,Stage 0,0.29493896641554557,0.6927905000209836
29,85,Stage 4,Stage 0,0.1706519512591571,0.8291091147346398
29,92,Stage 0,Stage 4,0.6527418393195688,0.6527418393195688
29,93,Stage 0,Stage 4,0.8330005842735876,0.8330005842735876
29,96,Stage 0,Stage 4,0.9158327193819314,0.9158327193819314
29,97,Stage 0,Stage 4,0.8647918062051186,0.8647918062051186
29,100,Stage 0,Stage 4,0.721814020713648,0.721814020713648
29,106,Stage 4,Stage 0,0.1671046718366159,0.7333452994230075
29,107,Stage 0,Stage 4,0.9200953828792141,0.9200953828792141
29,110,Stage 0,Stage 4,0.9713435932181833,0.9713435932181833
29,131,Stage 0,Stage 2,0.0,0.5517998466851854
29,133,Stage 0,Stage 2,0.0,0.46871698652972327
29,136,Stage 0,Stage 3,0.0,0.5655464003446558
29,138,Stage 3,Stage 2,0.0,0.618591956927046
29,139,Stage 3,Stage 2,0.0,0.4531041096261967
29,141,Stage 3,Stage 0,0.0013288566361322044,0.7982799119673658
29,142,Stage 3,Stage 2,0.0,0.5134169207975322
29,146,Stage 3,Stage 2,0.0,0.5128011277135669
29,147,Stage 3,Stage 2,0.0,0.52747691271705
29,148,Stage 3,Stage 2,0.0,0.5500911737409392
29,156,Stage 3,Stage 2,0.0,0.5357868609338069
29,159,Stage 3,Stage 2,0.0,0.6252618081426525
36,15,Stage 4,Stage 1,0.4129444941869401,0.5870555058130598
36,16,Stage 4,Stage 0,0.3586852215547036,0.6352598526727828
36,37,Stage 4,Stage 0,0.2565044141302468,0.742429605774845
36,44,Stage 4,Stage 0,0.4221503891754901,0.5765918647063581
36,50,Stage 0,Stage 4,0.5131320067054029,0.5131320067054029
36,55,Stage 4,Stage 0,0.21487088812970925,0.7839134852640743
36,58,Stage 4,Stage 0,0.06382742242432002,0.8272468839082912
36,62,Stage 0,Stage 4,0.6290277000477565,0.6290277000477565
36,66,Stage 4,Stage 0,0.22074732388265209,0.7248889839758559
36,67,Stage 0,Stage 4,0.8716585153434124,0.8716585153434124
36,69,Stage 4,Stage 0,0.40418056553207543,0.5865380787921843
36,90,Stage 4,Stage 0,0.40828040543038907,0.5903996849395177
36,91,Stage 0,Stage 4,0.5275724391059997,0.5275724391059997
36,102,Stage 0,Stage 3,0.0001473020288636414,0.3667094940159396
36,112,Stage 3,Stage 0,0.0006199090571184736,0.6295495655251474
36,116,Stage 0,Stage 2,0.0,0.3946127684127935
36,122,Stage 0,Stage 3,0.0,0.4770497628529378
36,123,Stage 3,Stage 0,0.0,0.5329916506350099
36,126,Stage 0,Stage 3,0.0,0.5150439411289048
36,127,Stage 0,Stage 3,0.0,0.4232111852943116
36,132,Stage 3,Stage 0,0.0,0.4097094927462165
36,133,Stage 3,Stage 2,0.0,0.5325555031330723
36,135,Stage 3,Stage 2,0.0,0.7075507072177156
36,140,Stage 3,Stage 2,0.0,0.7119983782095147
36,148,Stage 3,Stage 2,0.0,0.4952310108147891
39,11,Stage 4,Stage 0,0.4898002483933998,0.5091168747727034
39,14,Stage 4,Stage 0,0.4209959820922272,0.540371705035711
39,21,Stage 4,Stage 0,0.4060427436766458,0.5767988039381435
39,23,Stage 4,Stage 0,0.4686965018913624,0.5303290094282904
39,27,Stage 0,Stage 4,0.7956580240210439,0.7956580240210439
39,35,Stage 4,Stage 0,0.2926896619923536,0.7069370369928173
39,46,Stage 0,Stage 4,0.8597676145312702,0.8597676145312702
39,51,Stage 0,Stage 4,0.8943647630794629,0.8943647630794629
39,58,Stage 0,Stage 4,0.7601895376296752,0.7601895376296752
39,62,Stage 4,Stage 0,0.4369689780934335,0.5624791823673231
39,69,Stage 0,Stage 2,0.0,0.6404376179327541
39,71,Stage 0,Stage 4,0.6402651730150769,0.6402651730150769
39,74,Stage 0,Stage 4,0.9232578421707746,0.9232578421707746
39,87,Stage 0,Stage 2,0.0,0.39197355022431407
39,91,Stage 0,Stage 2,0.0,0.5156658270290764
39,96,Stage 3,Stage 2,0.0,0.5008528544289582
39,99,Stage 0,Stage 2,0.0,0.4770757382114166
39,100,Stage 0,Stage 3,0.0,0.5708511030012189
39,102,Stage 3,Stage 0,0.0,0.4335861581169456
39,103,Stage 3,Stage 0,0.00031884523572237917,0.5806955785863526
39,104,Stage 3,Stage 2,0.0,0.4624806121385807
39,105,Stage 3,Stage 2,0.0,0.4746747460433029
39,107,Stage 3,Stage 2,0.0,0.5909706313924932
39,109,Stage 3,Stage 2,0.0,0.6190447437116314
39,110,Stage 3,Stage 2,0.0,0.6404228493554559
39,111,Stage 3,Stage 2,0.0,0.8076797032009856
39,115,Stage 3,Stage 2,0.0,0.5154936981969256
39,125,Stage 3,Stage 2,0.0,0.5636507485912933
42,11,Stage 1,Stage 4,0.7559019797880563,0.7559019797880563
42,13,Stage 1,Stage 4,0.9224648780826844,0.9224648780826844
42,14,Stage 1,Stage 4,0.7178739906044433,0.7178739906044433
42,15,Stage 1,Stage 4,0.8470974711276812,0.8470974711276812
42,17,Stage 1,Stage 4,0.8721604663343389,0.8721604663343389
42,26,Stage 4,Stage 1,0.024335163652497223,0.9756648363475025
42,30,Stage 1,Stage 4,0.8471392375059524,0.8471392375059524
42,37,Stage 4,Stage 1,0.16247773789288408,0.8375222621071162
42,46,Stage 1,Stage 4,0.7275426879665036,0.7275426879665036
42,47,Stage 1,Stage 4,0.5204695956270474,0.5204695956270474
42,50,Stage 4,Stage 1,0.3106798140853894,0.6892070734610385
42,59,Stage 1,Stage 4,0.6422603956393689,0.6422603956393689
42,60,Stage 1,Stage 4,0.636910772965123,0.636910772965123
42,63,Stage 4,Stage 1,0.36020320606032524,0.639432656708365
42,64,Stage 4,Stage 1,0.15883617768116845,0.8411638223188316
42,68,Stage 1,Stage 4,0.7446919746688708,0.7446919746688708
42,69,Stage 1,Stage 4,0.8608364685749367,0.8608364685749367
42,89,Stage 4,Stage 1,0.4868286175760695,0.5131713824239306
42,90,Stage 4,Stage 1,0.29656362253859975,0.7034363774614006
42,91,Stage 4,Stage 1,0.32197828368279985,0.6780217163172
42,99,Stage 4,Stage 1,0.4666518009993997,0.5333481990006004
42,116,Stage 4,Stage 0,0.3790272074261192,0.6128664688795948
42,131,Stage 4,Stage 0,0.28204071693244925,0.7000927301585995
42,132,Stage 0,Stage 4,0.9621686736579337,0.9621686736579337
42,137,Stage 4,Stage 0,0.08942088086972051,0.9040537780196812
42,139,Stage 4,Stage 0,0.19885823835323702,0.8005545336341712
42,140,Stage 4,Stage 0,0.16207671205607105,0.8315233469085468
42,152,Stage 0,Stage 4,0.9035565438859812,0.9035565438859812
42,160,Stage 0,Stage 2,0.0,0.5677831500061894
42,167,Stage 0,Stage 2,0.0,0.35500055369584366
42,169,Stage 3,Stage 2,0.0,0.7432963245378831
42,171,Stage 0,Stage 3,0.0,0.40983702249010984
42,172,Stage 3,Stage 2,0.0,0.5534879766590347
42,173,Stage 3,Stage 2,0.0,0.378959150608376
42,177,Stage 3,Stage 2,0.0,0.5182716493401198
42,178,Stage 3,Stage 2,0.0,0.5618228915813881
42,180,Stage 3,Stage 2,0.0,0.4989222632178711
42,184,Stage 3,Stage 2,0.0,0.5208217714467542
42,185,Stage 3,Stage 2,0.0,0.5227806003409378
42,187,Stage 3,Stage 2,0.0,0.5195081285129158
42,193,Stage 3,Stage 2,0.0,0.5283685823035108
44,21,Stage 1,Stage 4,0.7267457608634067,0.7267457608634067
44,22,Stage 1,Stage 4,0.7632229936048951,0.7632229936048951
44,34,Stage 1,Stage 4,0.5005591343476414,0.5005591343476414
44,43,Stage 1,Stage 4,0.754876197389984,0.754876197389984
44,54,Stage 1,Stage 4,0.8675627244320853,0.8675627244320853
44,69,Stage 1,Stage 4,0.7114475862094197,0.7114475862094197
44,73,Stage 4,Stage 1,0.11582662647381012,0.8841733735261901
44,77,Stage 1,Stage 4,0.896630629452686,0.896630629452686
44,79,Stage 1,Stage 4,0.6612082173065358,0.6612082173065358
44,86,Stage 4,Stage 1,0.40902240775930315,0.5908217113591053
44,87,Stage 1,Stage 4,0.6634711996599375,0.6634711996599375
44,88,Stage 1,Stage 4,0.9191321905381479,0.9191321905381479
44,89,Stage 1,Stage 4,0.9110859137627852,0.9110859137627852
44,90,Stage 4,Stage 1,0.17874148374099608,0.8212585162590043
44,94,Stage 4,Stage 1,0.4609746979747389,0.5390253020252611
44,96,Stage 4,Stage 1,0.4941636163508774,0.5058363836491228
44,109,Stage 4,Stage 1,0.32321628778519973,0.6760027050839317
44,110,Stage 4,Stage 1,0.10702742115113871,0.892972578848861
44,119,Stage 4,Stage 1,0.3750893192663133,0.6248748415728013
44,135,Stage 0,Stage 4,0.7172735722869977,0.7172735722869977
44,138,Stage 4,Stage 0,0.3668856854227495,0.623254884083132
44,140,Stage 0,Stage 4,0.819811199765171,0.819811199765171
44,148,Stage 0,Stage 4,0.5681658104145962,0.5681658104145962
44,156,Stage 0,Stage 4,0.9259439091169424,0.9259439091169424
44,159,Stage 0,Stage 3,0.0,0.5299064729997692
44,166,Stage 0,Stage 2,0.0,0.4460811599908821
44,169,Stage 0,Stage 2,0.0001567514396806955,0.5291022152396505
44,170,Stage 0,Stage 2,0.0,0.48515361674081103
44,171,Stage 3,Stage 2,0.0,0.6110642797767324
44,172,Stage 3,Stage 2,0.0,0.6860927483843059
44,174,Stage 3,Stage 2,0.0,0.5031751905798756
44,175,Stage 0,Stage 3,0.0,0.4630760410304733
44,179,Stage 3,Stage 2,0.0,0.601681626625103
44,181,Stage 3,Stage 2,0.0,0.5897345616535924
46,101,Stage 1,Stage 4,0.5402305792560504,0.5402305792560504
46,106,Stage 1,Stage 4,0.925319301675012,0.925319301675012
46,109,Stage 1,Stage 4,0.5230387457652868,0.5230387457652868
46,112,Stage 4,Stage 1,0.07331927453496298,0.9266807254650373
46,113,Stage 1,Stage 4,0.5179572386964696,0.5179572386964696
46,119,Stage 4,Stage 1,0.4557189856681716,0.5431980487989213
46,121,Stage 1,Stage 4,0.6630290314080151,0.6630290314080151
46,123,Stage 4,Stage 1,0.18358758869522204,0.8164124113047784
46,129,Stage 1,Stage 4,0.6022055210231039,0.6022055210231039
46,132,Stage 4,Stage 1,0.14415459067010503,0.8558454093298952
46,136,Stage 1,Stage 4,0.5705692026322996,0.5705692026322996
46,138,Stage 1,Stage 4,0.5607596063197594,0.5607596063197594
46,140,Stage 1,Stage 4,0.8325028610913681,0.8325028610913681
46,141,Stage 1,Stage 4,0.506632319202989,0.506632319202989
46,142,Stage 4,Stage 1,0.3622777094700179,0.6377222905299824
46,143,Stage 1,Stage 4,0.7222441584676329,0.7222441584676329
46,153,Stage 1,Stage 4,0.6989203962475491,0.6989203962475491
46,170,Stage 1,Stage 4,0.6434845111712422,0.6434845111712422
46,179,Stage 4,Stage 0,0.12069430485893487,0.8673736374365607
46,182,Stage 4,Stage 0,0.2613012625388685,0.7337150853714005
46,187,Stage 0,Stage 4,0.9398197903370209,0.9398197903370209
46,192,Stage 0,Stage 4,0.8627633022343739,0.8627633022343739
46,196,Stage 4,Stage 0,0.06294660970345617,0.932105619321438
46,220,Stage 0,Stage 2,0.0,0.46770983695204194
46,221,Stage 0,Stage 3,0.0,0.4467483798976169
46,225,Stage 3,Stage 2,0.0,0.6098198157718322
46,230,Stage 3,Stage 2,0.0,0.5716522424752402
46,231,Stage 3,Stage 2,0.0,0.5948058105089745
46,241,Stage 3,Stage 0,0.0007293600596128032,0.6611443746704332
46,253,Stage 3,Stage 2,0.0,0.5826984020526951
47,54,Stage 1,Stage 4,0.5831086580618677,0.5831086580618677
47,63,Stage 1,Stage 4,0.7191078752035498,0.7191078752035498
47,78,Stage 1,Stage 4,0.6414895943754682,0.6414895943754682
47,94,Stage 1,Stage 4,0.5230386737815208,0.5230386737815208
47,95,Stage 1,Stage 4,0.6099262246247372,0.6099262246247372
47,99,Stage 1,Stage 4,0.5140771397266968,0.5140771397266968
47,106,Stage 1,Stage 4,0.6068452338577458,0.6068452338577458
47,114,Stage 4,Stage 1,0.39568664172089507,0.6043133582791053
47,115,Stage 1,Stage 4,0.560591578571607,0.560591578571607
47,116,Stage 4,Stage 1,0.2502293493508012,0.7497706506491988
47,117,Stage 1,Stage 4,0.8985184021193753,0.8985184021193753
47,123,Stage 4,Stage 1,0.39177507478964474,0.6082249252103555
47,133,Stage 4,Stage 1,0.4086220963299135,0.5913779036700865
47,135,Stage 4,Stage 1,0.12726399214470333,0.8727360078552965
47,145,Stage 4,Stage 1,0.4013483372851007,0.5986516627148997
47,163,Stage 0,Stage 4,0.913401752369205,0.913401752369205
47,168,Stage 4,Stage 0,0.3902751368663562,0.5685442412074794
47,183,Stage 0,Stage 2,0.0004515258824640291,0.5344289248718626
47,188,Stage 0,Stage 2,0.0,0.4974511091399816
47,192,Stage 2,Stage 3,0.0,0.5007194417087171
47,193,Stage 2,Stage 0,0.0004095562619138203,0.511556367940259
47,194,Stage 2,Stage 3,0.0,0.746702966612642
47,196,Stage 2,Stage 3,0.0,0.5256344253911747
47,198,Stage 2,Stage 3,0.0,0.6961369656465137
47,199,Stage 2,Stage 3,0.0,0.5278803566814456
47,200,Stage 2,Stage 3,0.0,0.7570021101903411
47,202,Stage 2,Stage 3,0.0,0.5941232552531573
47,208,Stage 2,Stage 3,0.0,0.9157021706018775
47,210,Stage 2,Stage 3,0.0,0.6804944821515213
62,1,Stage 4,Stage 0,0.35420611387506273,0.6421306057743069
62,2,Stage 4,Stage 0,0.3656145335239053,0.6327055336975674
62,8,Stage 4,Stage 0,0.3489373953587862,0.6504614703786143
62,12,Stage 4,Stage 0,0.45673287093193116,0.5415793271193534
62,19,Stage 4,Stage 0,0.37791189797317926,0.6208060443635639
62,21,Stage 0,Stage 4,0.7540639468484881,0.7540639468484881
62,26,Stage 0,Stage 4,0.5787299614933349,0.5787299614933349
62,29,Stage 0,Stage 4,0.7695145041602653,0.7695145041602653
62,34,Stage 0,Stage 4,0.7106370847793447,0.7106370847793447
62,35,Stage 4,Stage 0,0.050722029505376305,0.9419072659915175
62,41,Stage 4,Stage 0,0.4490619506797434,0.544430833384363
62,49,Stage 4,Stage 0,0.04633221579390798,0.9152239847242184
62,51,Stage 0,Stage 4,0.5589916809895495,0.5589916809895495
62,52,Stage 4,Stage 0,0.08068238879566478,0.9060953747039348
62,53,Stage 0,Stage 4,0.5855691563707579,0.5855691563707579
62,54,Stage 0,Stage 4,0.5646001114715412,0.5646001114715412
62,60,Stage 0,Stage 4,0.8878370246918202,0.8878370246918202
62,68,Stage 4,Stage 0,0.30182741025961185,0.696410815460859
62,71,Stage 4,Stage 0,0.08746309629790039,0.9057164518641181
62,77,Stage 0,Stage 4,0.5005277889916536,0.5005277889916536
62,84,Stage 0,Stage 4,0.5467779506326654,0.5467779506326654
62,87,Stage 0,Stage 2,0.0,0.48349134610149413
62,88,Stage 0,Stage 4,0.7353819380693738,0.7353819380693738
62,94,Stage 0,Stage 4,0.5672901623196449,0.5672901623196449
62,125,Stage 0,Stage 2,0.0,0.44776586148922337
62,126,Stage 3,Stage 0,6.393249850905649e-05,0.601036227263742
62,127,Stage 0,Stage 2,0.0,0.47733045917965483
62,131,Stage 0,Stage 3,0.0,0.5066561507167983
62,134,Stage 3,Stage 0,0.0006646872471702137,0.6687201207546667
62,139,Stage 3,Stage 0,0.0009373215537118629,0.7251745265914232
62,149,Stage 3,Stage 0,5.107872683923088e-05,0.4206558165249588
62,156,Stage 3,Stage 2,0.0,0.49834629573597566
72,1,Stage 4,Stage 1,0.38377721461574377,0.6162227853842561
72,5,Stage 1,Stage 4,0.7955022688884924,0.7955022688884924
72,6,Stage 4,Stage 1,0.34259228459479824,0.6574077154052019
72,7,Stage 4,Stage 1,0.4865973468928366,0.5126765643538801
72,11,Stage 1,Stage 4,0.6907264084109421,0.6907264084109421
72,17,Stage 4,Stage 1,0.46654067807240285,0.5323763563946903
72,22,Stage 4,Stage 1,0.14324246000185273,0.856757539998147
72,26,Stage 4,Stage 1,0.28270201587504484,0.7172621449640695
72,30,Stage 4,Stage 1,0.015091836902787386,0.9849081630972123
72,31,Stage 4,Stage 1,0.2539741428784618,0.7460258571215383
72,33,Stage 4,Stage 1,0.09099730871657027,0.9090026912834303
72,36,Stage 4,Stage 1,0.015360553985159283,0.9846394460148405
72,40,Stage 1,Stage 4,0.6301255602601581,0.6301255602601581
72,41,Stage 1,Stage 4,0.7027578742879333,0.7027578742879333
72,43,Stage 1,Stage 4,0.5730664075862254,0.5730664075862254
72,47,Stage 1,Stage 4,0.5904079097240627,0.5904079097240627
72,48,Stage 4,Stage 1,0.20469303090470492,0.7953069690952953
72,50,Stage 1,Stage 4,0.6038418977707911,0.6038418977707911
72,51,Stage 1,Stage 4,0.5251954552682122,0.5251954552682122
72,53,Stage 4,Stage 1,0.13653920740515113,0.8634607925948488
72,56,Stage 4,Stage 1,0.48497188866502067,0.5149278435609579
72,61,Stage 4,Stage 1,0.2965434357170424,0.7032593840360619
72,71,Stage 4,Stage 1,0.45163476117319257,0.5482788251239828
72,72,Stage 4,Stage 1,0.4688950348045226,0.5308229535581334
72,78,Stage 4,Stage 1,0.28946061768789033,0.7105393823121101
72,84,Stage 4,Stage 1,0.455607282226162,0.5442030639740286
72,96,Stage 0,Stage 4,0.7373994355156447,0.7373994355156447
72,98,Stage 1,Stage 4,0.7622723314405504,0.7622723314405504
72,119,Stage 4,Stage 0,0.054538822481434344,0.9083551670644241
72,122,Stage 4,Stage 0,0.3137824553029761,0.677687714271215
72,135,Stage 0,Stage 4,0.9072031671828121,0.9072031671828121
72,137,Stage 0,Stage 4,0.9440279681382173,0.9440279681382173
72,146,Stage 0,Stage 4,0.5870077758191796,0.5870077758191796
72,149,Stage 0,Stage 4,0.8011265056921429,0.8011265056921429
72,151,Stage 0,Stage 4,0.5287215866780357,0.5287215866780357
72,164,Stage 0,Stage 2,0.0,0.48235187913049127
72,167,Stage 0,Stage 2,0.0,0.37397370566612165
72,168,Stage 0,Stage 2,6.542694797001845e-05,0.39254788689753184
72,170,Stage 0,Stage 3,0.0,0.44566617633904265
72,173,Stage 0,Stage 3,0.0,0.4734944224992813
72,177,Stage 3,Stage 2,0.0,0.5130611605790786
72,178,Stage 3,Stage 0,0.0003077892737488916,0.5984785358554318
72,180,Stage 3,Stage 2,0.0,0.602711294693515
72,181,Stage 3,Stage 0,0.0003797891717898862,0.38105938732000894
72,183,Stage 3,Stage 2,0.0,0.514818565416634
72,184,Stage 3,Stage 0,2.4193537226744434e-05,0.4646936701119844
72,185,Stage 0,Stage 3,0.0,0.6306301220450521
72,186,Stage 0,Stage 2,0.00107220268364005,0.4244696502283895
72,190,Stage 0,Stage 3,0.0,0.8464819150753032
72,192,Stage 3,Stage 2,0.0,0.40621756908108436
72,209,Stage 3,Stage 2,0.0,0.5946351864576377
72,212,Stage 3,Stage 2,0.0,0.7291805260176748
73,1,Stage 0,Stage 4,0.6727098536084699,0.6727098536084699
73,4,Stage 0,Stage 4,0.8639327269193524,0.8639327269193524
73,7,Stage 0,Stage 4,0.5312467030309863,0.5312467030309863
73,8,Stage 4,Stage 0,0.3213568141726981,0.6786431858273018
73,9,Stage 4,Stage 0,0.4371128833207002,0.559486984323674
73,11,Stage 0,Stage 4,0.7584446433862106,0.7584446433862106
73,14,Stage 4,Stage 0,0.32119183946486773,0.6763923366152395
73,15,Stage 0,Stage 4,0.5378405241985589,0.5378405241985589
73,30,Stage 4,Stage 0,0.15955574693888047,0.8385467208289386
73,31,Stage 4,Stage 0,0.28307532020060344,0.7016180480086042
73,33,Stage 4,Stage 0,0.13673274081261103,0.8549023913765893
73,38,Stage 0,Stage 4,0.71179420032041,0.71179420032041
73,43,Stage 4,Stage 0,0.28460639709309143,0.6967693994782574
73,44,Stage 0,Stage 4,0.8301831052298673,0.8301831052298673
73,48,Stage 0,Stage 4,0.6647427483256102,0.6647427483256102
73,55,Stage 0,Stage 4,0.7348655408242403,0.7348655408242403
73,64,Stage 0,Stage 4,0.6630896956987214,0.6630896956987214
73,68,Stage 0,Stage 4,0.7198533956497731,0.7198533956497731
73,79,Stage 0,Stage 4,0.9420364250350548,0.9420364250350548
73,80,Stage 4,Stage 0,0.2077996223811973,0.772872511243372
73,97,Stage 0,Stage 4,0.711290606301537,0.711290606301537
73,127,Stage 0,Stage 3,8.967350860843577e-05,0.42016334763746144
73,142,Stage 3,Stage 0,0.0035329261323614426,0.8212940057124418
73,145,Stage 0,Stage 3,0.0,0.595741129891479
73,152,Stage 0,Stage 3,0.0,0.5853609342482408
73,153,Stage 3,Stage 2,0.0,0.5389612499774458
73,157,Stage 3,Stage 0,6.39364916803002e-05,0.467070864079317
73,160,Stage 0,Stage 3,0.00012647925759596057,0.5109550507874545
73,162,Stage 0,Stage 3,0.0,0.5090857696210003
73,163,Stage 3,Stage 0,5.762852025520566e-05,0.4446581202085045
73,164,Stage 3,Stage 0,0.0004723212690437952,0.568661563861196
73,166,Stage 3,Stage 0,0.001610952774172571,0.9207357612600097
73,172,Stage 3,Stage 2,0.0,0.5888661532488355
73,174,Stage 3,Stage 2,0.0,0.49383226804093605
73,176,Stage 3,Stage 2,0.0,0.6403711175579508
73,177,Stage 3,Stage 2,0.0,0.539848280937878
73,182,Stage 3,Stage 0,3.8620271818840995e-05,0.39337911243071344
73,184,Stage 3,Stage 2,0.0,0.5232427989493234
73,192,Stage 3,Stage 2,0.0,0.4917863872585995
73,198,Stage 3,Stage 2,0.0,0.5839062018032419
73,200,Stage 3,Stage 2,0.0,0.5827742851087118
73,207,Stage 3,Stage 2,0.0,0.5054877037913689
73,212,Stage 3,Stage 2,0.0,0.6136609921102054
75,12,Stage 4,Stage 1,0.37101888825808765,0.6287302797321791
75,16,Stage 4,Stage 1,0.38453094150676154,0.6153358298442712
75,19,Stage 0,Stage 4,0.8634396425934641,0.8634396425934641
75,21,Stage 4,Stage 0,0.22885687551197226,0.7011092297809959
75,31,Stage 4,Stage 0,0.4824872821045156,0.5166003757880779
75,35,Stage 0,Stage 4,0.7276560253860452,0.7276560253860452
75,63,Stage 4,Stage 0,0.28086516553384283,0.6934591939164724
75,68,Stage 4,Stage 0,0.05633613043697135,0.890153542652987
75,76,Stage 4,Stage 0,0.32849606832107836,0.663569143384228
75,79,Stage 0,Stage 4,0.9467678574886933,0.9467678574886933
75,83,Stage 0,Stage 4,0.6364800471608673,0.6364800471608673
75,86,Stage 4,Stage 0,0.24745214601382803,0.7517961939833985
75,89,Stage 4,Stage 0,0.11875721222198457,0.8217541555636133
75,91,Stage 0,Stage 4,0.8410127480103878,0.8410127480103878
75,94,Stage 0,Stage 4,0.8109196473431117,0.8109196473431117
75,98,Stage 4,Stage 0,0.23921726640506602,0.7576604057134042
75,102,Stage 4,Stage 0,0.3640717467304681,0.5866088751541391
75,103,Stage 4,Stage 0,0.35227724876179656,0.6115651497782175
75,104,Stage 4,Stage 0,0.25516995097041467,0.7223288037058583
75,107,Stage 4,Stage 0,0.4106772709786176,0.5890195402539149
75,108,Stage 4,Stage 0,0.06371841091806756,0.9308591400148515
75,111,Stage 4,Stage 0,0.49806226455878666,0.5016674512018139
75,120,Stage 0,Stage 4,0.7258243889653975,0.7258243889653975
75,121,Stage 0,Stage 4,0.6384256071693681,0.6384256071693681
75,126,Stage 4,Stage 0,0.45079797442968245,0.5464479725939756
75,149,Stage 0,Stage 2,0.0,0.4457123864848502
75,163,Stage 0,Stage 2,0.0,0.4963653401628644
75,168,Stage 0,Stage 3,0.0,0.3809894434710186
75,171,Stage 3,Stage 2,0.0,0.44925686504034684
75,172,Stage 0,Stage 2,0.0,0.40358535209199026
75,173,Stage 0,Stage 2,0.00022890355627859036,0.5785413157312698
75,175,Stage 3,Stage 2,0.0,0.6025414811182944
75,183,Stage 3,Stage 2,0.0,0.5396536326246885
75,184,Stage 3,Stage 2,0.0,0.612822389885242
75,185,Stage 3,Stage 0,3.9756928271161235e-05,0.40700800878747984
75,186,Stage 3,Stage 0,0.024906226028738113,0.9697361014439078
75,187,Stage 3,Stage 2,0.0,0.44765687173833063
75,188,Stage 3,Stage 2,0.0,0.39651744201778244
75,189,Stage 3,Stage 2,0.0,0.5387085774425298
75,192,Stage 3,Stage 2,0.006666666666666667,0.4817600255711355
75,193,Stage 3,Stage 2,0.0,0.6185617086812152
75,194,Stage 3,Stage 2,0.0,0.4433961710761173
75,198,Stage 3,Stage 2,0.0,0.5269237762878884
75,205,Stage 3,Stage 2,0.0,0.6774107226063564
75,222,Stage 3,Stage 2,0.0,0.8256139623235919
78,90,Stage 1,Stage 4,0.9564582826772583,0.9564582826772583
78,103,Stage 1,Stage 4,0.549847779717166,0.549847779717166
78,105,Stage 1,Stage 4,0.5991944496831402,0.5991944496831402
78,111,Stage 1,Stage 4,0.5510160567526621,0.5510160567526621
78,121,Stage 1,Stage 4,0.6103847878498037,0.6103847878498037
78,136,Stage 4,Stage 1,0.05902875753728391,0.9409712424627158
78,137,Stage 1,Stage 4,0.5287826405398275,0.5287826405398275
78,138,Stage 1,Stage 4,0.6466468996089535,0.6466468996089535
78,139,Stage 1,Stage 4,0.7613356812946395,0.7613356812946395
78,143,Stage 4,Stage 1,0.3135277069945576,0.6864722930054424
78,148,Stage 1,Stage 4,0.9635921347616295,0.9635921347616295
78,150,Stage 4,Stage 1,0.44909423088515593,0.5509057691148442
78,154,Stage 1,Stage 4,0.5299538475024894,0.5299538475024894
78,163,Stage 4,Stage 0,0.30531465831165044,0.6880691394214408
78,175,Stage 0,Stage 4,0.8442377585264328,0.8442377585264328
78,185,Stage 4,Stage 0,0.20511270818244343,0.7903555793439975
78,190,Stage 0,Stage 4,0.546319769549155,0.546319769549155
78,198,Stage 0,Stage 2,0.0,0.3644315154249187
78,205,Stage 0,Stage 3,0.01612134556512953,0.5234303000758901
78,206,Stage 0,Stage 2,0.0,0.5269080702932356
78,207,Stage 3,Stage 2,0.0,0.4505673426183898
78,208,Stage 0,Stage 3,0.0,0.42545118956159
78,210,Stage 3,Stage 2,0.0,0.49948747939533994
78,212,Stage 3,Stage 2,0.0,0.4875741672126899
78,215,Stage 3,Stage 2,0.0,0.5250363952755931
78,220,Stage 3,Stage 2,0.0,0.5566879941914432
78,226,Stage 3,Stage 2,0.0,0.5606084460632679
83,124,Stage 1,Stage 4,0.6004401161891431,0.6004401161891431
83,133,Stage 1,Stage 4,0.918165575319905,0.918165575319905
83,147,Stage 1,Stage 4,0.5645517374239554,0.5645517374239554
83,155,Stage 1,Stage 4,0.5861886529413123,0.5861886529413123
83,162,Stage 4,Stage 1,0.1964101587781499,0.8035898412218504
83,167,Stage 4,Stage 1,0.3201767714396509,0.6798232285603492
83,170,Stage 1,Stage 4,0.6136913354075674,0.6136913354075674
83,171,Stage 1,Stage 4,0.754528320492133,0.754528320492133
83,176,Stage 1,Stage 4,0.6069959905955692,0.6069959905955692
83,177,Stage 1,Stage 4,0.7752364036118322,0.7752364036118322
83,182,Stage 1,Stage 4,0.5670622978281011,0.5670622978281011
83,185,Stage 4,Stage 1,0.35808045231303376,0.6419195476869667
83,187,Stage 4,Stage 1,0.3920334092932309,0.6078498395276725
83,197,Stage 1,Stage 4,0.894229890505534,0.894229890505534
83,200,Stage 4,Stage 1,0.4755535053308596,0.5244464946691404
83,201,Stage 4,Stage 1,0.4511880911863862,0.5487026375787594
83,209,Stage 4,Stage 1,0.3279687279507581,0.672031272049242
83,222,Stage 4,Stage 0,0.04015728423961718,0.8973497585017804
83,224,Stage 4,Stage 0,0.4558897238890674,0.5397446519301293
83,231,Stage 0,Stage 4,0.899933408243366,0.899933408243366
83,232,Stage 0,Stage 4,0.5577127553354219,0.5577127553354219
83,235,Stage 0,Stage 4,0.5415456690163994,0.5415456690163994
83,261,Stage 0,Stage 3,0.0,0.38597141812444113
83,264,Stage 3,Stage 0,0.0002422680627054948,0.5367073858365937
83,272,Stage 3,Stage 2,0.0,0.5969036901065543
83,280,Stage 3,Stage 2,0.0,0.6217684490656155
85,2,Stage 4,Stage 1,0.23585330589610745,0.7641466941038925
85,5,Stage 4,Stage 1,0.12931822320765216,0.8706817767923479
85,6,Stage 4,Stage 1,0.409031827056278,0.5898888310596354
85,9,Stage 1,Stage 4,0.9157304048806483,0.9157304048806483
85,19,Stage 4,Stage 1,0.35258147706754295,0.6473640654006311
85,48,Stage 4,Stage 0,0.3744367483439822,0.6225492296388714
85,59,Stage 4,Stage 1,0.48495740652517205,0.5149881359430015
85,63,Stage 4,Stage 1,0.2691378350199372,0.7308621649800632
85,68,Stage 4,Stage 1,0.26464432161896717,0.7353556783810329
85,84,Stage 0,Stage 4,0.6359574355083023,0.6359574355083023
85,99,Stage 0,Stage 4,0.5838463234332426,0.5838463234332426
85,102,Stage 4,Stage 0,0.42084409303017967,0.5665402349864658
85,114,Stage 0,Stage 4,0.6348841737503217,0.6348841737503217
85,116,Stage 0,Stage 4,0.6261977849265169,0.6261977849265169
85,119,Stage 4,Stage 0,0.19108416715060786,0.8061186522023146
85,132,Stage 0,Stage 4,0.6084610055479047,0.6084610055479047
85,139,Stage 0,Stage 4,0.921969644579833,0.921969644579833
85,153,Stage 0,Stage 3,0.0,0.5588530521696977
85,163,Stage 3,Stage 2,0.0,0.5316009510183549
85,165,Stage 3,Stage 2,0.0,0.5932682048700494
85,166,Stage 0,Stage 3,0.0,0.6192194703610444
85,175,Stage 3,Stage 2,0.0,0.531619685011909
85,176,Stage 3,Stage 2,0.0,0.4977881279114854
85,183,Stage 3,Stage 2,0.0,0.5843100044797592
93,14,Stage 1,Stage 4,0.8494562413750064,0.8494562413750064
93,25,Stage 1,Stage 4,0.5219081516153801,0.5219081516153801
93,38,Stage 4,Stage 1,0.2660538968142289,0.7339461031857711
93,43,Stage 1,Stage 4,0.6844142431943367,0.6844142431943367
93,46,Stage 1,Stage 4,0.8657981407832328,0.8657981407832328
93,47,Stage 1,Stage 4,0.5082825285281193,0.5082825285281193
93,50,Stage 1,Stage 4,0.5227916144911677,0.5227916144911677
93,52,Stage 1,Stage 4,0.6060859526748901,0.6060859526748901
93,54,Stage 1,Stage 4,0.5631294210957523,0.5631294210957523
93,55,Stage 1,Stage 4,0.5085201186305606,0.5085201186305606
93,60,Stage 1,Stage 4,0.9259786536205905,0.9259786536205905
93,62,Stage 1,Stage 4,0.567796410729218,0.567796410729218
93,63,Stage 1,Stage 4,0.6554194907683287,0.6554194907683287
93,71,Stage 1,Stage 4,0.5536613873008204,0.5536613873008204
93,79,Stage 4,Stage 1,0.3886942045503621,0.6111419987026677
93,109,Stage 0,Stage 4,0.9275476424801791,0.9275476424801791
93,111,Stage 4,Stage 0,0.46909072040870636,0.5288823057949531
93,112,Stage 4,Stage 0,0.25317036176619123,0.7466378576576025
93,116,Stage 4,Stage 0,0.28210580878835206,0.7119553736838372
93,120,Stage 0,Stage 4,0.5170623305333485,0.5170623305333485
93,132,Stage 0,Stage 2,0.0,0.4612748918925443
93,135,Stage 0,Stage 2,4.827256090281848e-05,0.3996620564420173
93,136,Stage 3,Stage 0,0.00865597007509142,0.9389130972730702
93,138,Stage 3,Stage 2,0.0,0.5708461882733205
93,139,Stage 0,Stage 3,0.0,0.43442783913021826
93,141,Stage 3,Stage 2,0.0,0.6163087847008356
93,144,Stage 3,Stage 2,0.0,0.5797446061439977
