unit,time,op_setting_1,op_setting_2,op_setting_3,sensor_2,sensor_3,sensor_4,sensor_6,sensor_7,sensor_8,sensor_9,sensor_11,sensor_12,sensor_13,sensor_14,sensor_15,sensor_17,sensor_20,sensor_21,kmeans_cluster,agglo_cluster,pca_1,pca_2,tsne_1,tsne_2,final_stage,y_true,y_pred,prob_stage4,confidence
2,143,0.0001,0.0004,100.0,0.3313253012047994,0.3889252234576048,0.3079000675219454,1.0,0.6763285024154584,0.1969696969699725,0.1615812617786929,0.2678571428571423,0.6481876332622676,0.25,0.1972855815873657,0.3774528664871113,0.4166666666666714,0.5271317829457338,0.7256282794808016,4,2,-0.3138224102990772,-0.0090799391005329,-45.606007,15.3730135,3,3,4,0.7475744355774349,0.7475744355774349
2,147,0.0004,-0.0001,100.0,0.319277108433738,0.3867451493350771,0.2081363943281537,1.0,0.6940418679549083,0.2272727272729753,0.1504980705375587,0.375,0.6865671641790954,0.2647058823527004,0.1787594178965861,0.2489419007310545,0.4166666666666714,0.5813953488372086,0.6095001380833978,1,1,-0.3413712658832994,-0.0398780177865244,-44.95411,5.591217,4,4,3,0.45976971570576886,0.5358541135261656
2,168,-0.0026,-0.0003,100.0,0.4036144578313099,0.4994549814693769,0.3673193787981077,1.0,0.7198067632850353,0.2121212121210192,0.1532352149331401,0.2678571428571423,0.6823027718550065,0.2352941176468448,0.1835586747858428,0.4155444401692989,0.25,0.5426356589147296,0.6690140845070403,4,2,-0.2887805813088978,-0.0132579268998595,-38.040947,27.173979,3,3,4,0.5803515741611299,0.5803515741611299
2,171,0.0012,0.0005,100.0,0.3012048192771033,0.3684325267059094,0.4741728561782565,1.0,0.6425120772946968,0.1969696969699725,0.1740105896078247,0.2916666666666678,0.6823027718550065,0.2058823529409892,0.2237072969346698,0.2993459022701046,0.3333333333333357,0.5968992248061973,0.5423916045291364,4,2,-0.281404932009729,0.0199277878932861,-44.341976,0.38278306,3,3,4,0.5273205408647005,0.5273205408647005
2,172,-0.0041,0.0004,100.0,0.2590361445783173,0.4006976237192106,0.2702565833896031,1.0,0.6183574879227081,0.2424242424240219,0.1524275329803472,0.2380952380952372,0.5820895522387985,0.3088235294117112,0.1759211476932591,0.3308964986533311,0.3333333333333357,0.7364341085271313,0.6288318144159035,1,1,-0.3580365191104648,-0.0802321273921778,-37.960068,-6.6996794,4,4,3,0.3698642550116235,0.626847864512312
2,174,-0.0009,-0.0003,100.0,0.3403614457831452,0.3699585785916781,0.3543214044564493,1.0,0.6296296296296333,0.2727272727270247,0.2004397379520739,0.2738095238095255,0.6737739872068289,0.2352941176468448,0.2314480338528213,0.2866487110427087,0.5,0.6821705426356601,0.6311792322562795,4,2,-0.2971923277189358,0.0238410945805627,-37.797783,4.3091407,3,3,4,0.6033716218581223,0.6033716218581223
2,177,0.0004,-0.0001,100.0,0.3433734939759176,0.3453237410071992,0.3048615800135046,1.0,0.7632850241545981,0.2424242424240219,0.1627030422686886,0.3392857142857153,0.6950959488273014,0.2352941176468448,0.2015687893487481,0.3478260869565233,0.4166666666666714,0.4651162790697682,0.6346313173156588,4,2,-0.296130134929362,-0.0035739219998408,-39.406425,13.601631,3,3,4,0.5134871765232719,0.5134871765232719
2,183,-0.0015,-0.0002,100.0,0.4186746987951721,0.3032483104425623,0.4034436191762331,1.0,0.7246376811594217,0.2727272727270247,0.1902090998833401,0.2321428571428576,0.6716417910447774,0.2647058823527004,0.2183403860047477,0.3755290496344727,0.3333333333333357,0.550387596899224,0.6778514222590459,4,2,-0.3039639083654659,-0.0076626096839795,-42.418087,-12.295195,3,3,4,0.5293053259851299,0.5293053259851299
2,192,0.0003,0.0002,100.0,0.2921686746987859,0.4122520165685657,0.3683322079675868,0.0,0.5217391304347814,0.1969696969699725,0.2250291662927352,0.3809523809523831,0.6417910447761273,0.3088235294117112,0.2160697698420932,0.4078491727587519,0.3333333333333357,0.5658914728682127,0.5671085335542685,1,3,-0.2295105955774451,0.2700614314815904,-2.534376,68.44971,4,4,3,0.12642591622006105,0.8391666040895631
2,203,0.0048,0.0001,100.0,0.2228915662650763,0.4791802921299322,0.4740040513166761,1.0,0.5394524959742455,0.2272727272729753,0.218477968231177,0.4345238095238102,0.579957356076747,0.3529411764702672,0.1926411394364748,0.3647556752597225,0.4166666666666714,0.4341085271317837,0.366473349903341,4,1,0.016431584323805,-0.000804383606193,-5.0626035,7.891234,3,3,2,0.013214718928356262,0.495257468600128
2,217,0.0023,0.0005,100.0,0.6295180722891587,0.3067364290385868,0.4341661039837952,1.0,0.5426731078905078,0.3030303030300274,0.1766579915642125,0.3928571428571423,0.5543710021321857,0.294117647058556,0.2506966663226393,0.6667949211235111,0.3333333333333357,0.6201550387596875,0.5131179232256287,0,1,0.0490573876101692,-0.0131065503975003,21.24849,-15.986384,2,2,3,0.002892471105853775,0.5316021322258763
2,219,0.0029,0.0001,100.0,0.5030120481927725,0.4682799215173361,0.5175557056043232,1.0,0.5523349436392806,0.1818181818180164,0.2363815848514789,0.5119047619047628,0.6503198294243049,0.3529411764702672,0.2465682732996228,0.5198153135821499,0.4166666666666714,0.4961240310077528,0.6583816625241639,4,1,0.0434603808968225,0.0623703431091498,10.221019,14.545738,3,3,2,0.002781687541186245,0.5862130033176258
2,222,0.001,0.0001,100.0,0.5873493975903443,0.4303466317854827,0.4964550979068214,1.0,0.5974235104669816,0.3030303030300274,0.2086960423584329,0.3988095238095255,0.5906183368870046,0.3235294117644116,0.2318608731551208,0.4482493266641043,0.4166666666666714,0.4728682170542626,0.580640706987019,0,1,0.0451696597991862,0.0132321208800858,23.602926,0.2937319,2,2,3,0.006220709614321047,0.6344925129283409
2,226,-0.0018,0.0002,100.0,0.6084337349397799,0.6535862219315476,0.449864956110737,1.0,0.5797101449275459,0.2272727272729753,0.1876065691465527,0.3630952380952408,0.6183368869936032,0.3382352941175668,0.2243265558881191,0.5752212389380489,0.5,0.5348837209302282,0.6397404032035396,0,1,0.0818267060741045,0.0509378678216378,24.188654,-6.2145214,2,2,3,0.007333225376078039,0.6291294530772433
2,227,0.0014,0.0004,100.0,0.4789156626505928,0.3579681709178146,0.4751856853477392,1.0,0.6247987117552327,0.3181818181819835,0.2197792335995672,0.4821428571428541,0.5522388059701484,0.3088235294117112,0.2522448137062625,0.4705656021546787,0.4166666666666714,0.5116279069767415,0.5458436895885086,4,1,0.0307428757924865,0.0159897312145268,19.47691,6.5645123,3,3,2,0.002027629445036688,0.6253486893151566
2,228,-0.0017,0.0001,100.0,0.4397590361445509,0.4750381512971486,0.4157663740715733,1.0,0.5636070853462201,0.3181818181819835,0.2151126267611971,0.3630952380952408,0.5309168443496617,0.3235294117644116,0.2731448033852786,0.4786456329357449,0.5,0.4496124031007724,0.498619165976244,0,1,0.0707595701190242,0.0445941628635159,19.614067,11.133862,2,2,3,0.0057845837301372365,0.5780355720848772
2,259,0.0006,-0.0003,100.0,0.4728915662650479,0.5801177240026192,0.5803511141120872,1.0,0.4396135265700565,0.3333333333330301,0.3004576864399197,0.6309523809523796,0.3901918976545744,0.3676470588234224,0.276499122716487,0.7937668333974628,0.5833333333333357,0.2635658914728651,0.2914940624136974,2,4,0.5859817271116319,0.1105023677926269,58.052223,19.585577,0,0,2,0.0,0.3816312236744887
2,260,0.0027,0.0001,100.0,0.5210843373494072,0.4898626553302847,0.6272788656313324,1.0,0.3494363929146544,0.4090909090909918,0.255227497083375,0.648809523809522,0.3944562899786632,0.2352941176468448,0.3033852822788674,0.5836860330896485,0.3333333333333357,0.2325581395348805,0.3573598453465862,0,4,0.4775325192803996,0.0597950242538684,51.047527,7.8907003,2,2,1,0.0,0.6350052706532556
2,265,-0.0035,0.0004,100.0,0.5481927710843308,0.4892086330935257,0.6417960837272112,1.0,0.41867954911433,0.4242424242420384,0.2870411917795934,0.4821428571428541,0.3368869936034002,0.3529411764702672,0.3114872535865416,0.7449018853405178,0.5833333333333357,0.4031007751937956,0.2016017674675474,3,0,0.5686517147181518,0.0920940035452301,60.564625,26.032087,1,1,2,0.0,0.5133281584304531
2,267,-0.0,0.0003,100.0,0.5271084337349521,0.6799651188140459,0.673024983119511,1.0,0.4444444444444428,0.3181818181819835,0.3138293098806457,0.5654761904761898,0.3219616204690823,0.397058823529278,0.3173702136443381,0.5182762601000377,0.5833333333333357,0.271317829457363,0.365782932891463,2,0,0.5555246585073912,0.1382264667718878,52.90044,31.675077,0,0,2,0.0,0.4429515540753762
2,268,0.0006,-0.0,100.0,0.569277108433738,0.6865053411816007,0.630654962862927,1.0,0.3623188405797037,0.3939393939390356,0.284214304944804,0.6607142857142883,0.4776119402985017,0.397058823529278,0.3168025596036727,0.723355136590996,0.5833333333333357,0.3178294573643363,0.4135597901132257,2,0,0.6075600885804081,0.1140144839669125,58.540283,18.547712,0,0,1,0.0,0.6376659177727115
9,101,0.0033,0.0005,100.0,0.3795180722891587,0.3673424896446562,0.3323767724510489,1.0,0.7826086956521863,0.2121212121210192,0.2499326931705994,0.2857142857142847,0.7014925373134417,0.2647058823527004,0.267261843327482,0.5071181223547541,0.5,0.6589147286821699,0.6876553438276716,4,2,-0.2921867554570251,0.1053457331592384,-35.42976,14.194588,3,3,4,0.6888663223273306,0.6888663223273306
9,121,-0.0012,0.0003,100.0,0.3012048192771033,0.3636363636363668,0.2748143146522608,1.0,0.7568438003220592,0.1363636363630576,0.2304137126447116,0.375,0.6886993603411469,0.2205882352941444,0.3036433068428081,0.5721431319738386,0.4166666666666714,0.6899224806201545,0.5417011875172619,4,2,-0.2824733058998723,0.1347462547982219,-11.318845,36.952293,3,3,4,0.5139215215000793,0.5139215215000793
9,124,-0.0029,0.0003,100.0,0.3644578313252964,0.3708306082406807,0.2462862930452374,1.0,0.6409017713365586,0.1818181818180164,0.2907655030063765,0.3988095238095255,0.660980810234534,0.147058823529278,0.3169057694292547,0.3185840707964615,0.3333333333333357,0.5581395348837184,0.6683236674951658,1,2,-0.3155385821134367,0.1565936116089716,-28.916964,32.239582,4,4,3,0.4574419184415703,0.5400775521371087
9,132,0.0034,-0.0004,100.0,0.2831325301204686,0.5003270111183795,0.2631667792032388,1.0,0.5990338164251341,0.2121212121210192,0.2745669927308611,0.3154761904761933,0.7782515991471257,0.2352941176468448,0.3537516771596642,0.3505194305502144,0.3333333333333357,0.5658914728682127,0.5686274509803937,1,2,-0.2960238163583155,0.1700534468835441,-30.85645,30.951693,4,4,3,0.47010017912233004,0.5291917641138091
9,135,0.0006,-0.0,100.0,0.3162650602409655,0.5110093743187321,0.2645172180958823,1.0,0.6344605475040197,0.2272727272729753,0.3220407430673973,0.3809523809523831,0.7356076759061807,0.147058823529278,0.3756837650944362,0.2585609849942258,0.4166666666666714,0.6279069767441854,0.6529964098315375,1,2,-0.3168232301609041,0.2302153806277667,-31.212494,30.941433,4,4,3,0.4364806038087703,0.556212348688094
9,139,-0.0045,-0.0003,100.0,0.4397590361445509,0.4955308480488369,0.3933153274814316,1.0,0.7149758454106205,0.2121212121210192,0.3514313919052299,0.1845238095238066,0.7398720682302695,0.1176470588234224,0.3841985757044099,0.362831858407084,0.4166666666666714,0.5116279069767415,0.6495443247721582,1,2,-0.279485177424512,0.2891710226742831,-36.398323,34.60011,4,4,3,0.3447271386846745,0.6552728613153255
9,141,-0.002,-0.0001,100.0,0.4096385542168832,0.3974275125354296,0.3462187711006059,1.0,0.7198067632850353,0.1212121212120109,0.3271560621017642,0.2619047619047627,0.7569296375266532,0.1176470588234224,0.3671689544844696,0.4601769911504405,0.5,0.6279069767441854,0.50524716929025,4,2,-0.269880732722699,0.2883134007468234,-1.3904052,35.454243,3,3,4,0.5007312923805264,0.5007312923805264
9,143,-0.0009,-0.0002,100.0,0.286144578313241,0.452147373010682,0.3880823767724521,1.0,0.7214170692431594,0.2121212121210192,0.3487839899488421,0.3452380952380949,0.8102345415778274,0.2205882352941444,0.3905975848900809,0.3624470950365577,0.4166666666666714,0.5581395348837184,0.7149958574979252,1,2,-0.3178893015387234,0.2534820273194381,-32.769367,32.26259,4,4,3,0.345001002822705,0.6546516231816278
9,147,0.002,0.0003,100.0,0.2921686746987859,0.3806409417920235,0.3755908170155315,1.0,0.6795491143317349,0.0909090909090082,0.3524185587364314,0.3095238095238102,0.7228144989339143,0.1617647058815237,0.3698524099494236,0.3308964986533311,0.5,0.4961240310077528,0.5668323667495159,1,2,-0.2733187005615865,0.2847277872613701,2.9414365,34.475143,4,4,3,0.34599116880169856,0.6469888141356545
9,149,-0.0019,0.0004,100.0,0.4186746987951721,0.3930673642903883,0.3241053342336251,1.0,0.7069243156199718,0.1363636363630576,0.3818540787938644,0.1190476190476168,0.7867803837953034,0.2205882352941444,0.4039116523893042,0.3597537514428666,0.3333333333333357,0.5581395348837184,0.6271748135874091,1,2,-0.3889881728982413,0.2933180089957269,-36.524326,34.679134,4,4,3,0.46242951628891393,0.537570483711086
9,151,-0.0042,-0.0003,100.0,0.2198795180723038,0.2773054283845653,0.4209993247805528,1.0,0.6602254428341467,0.1969696969699725,0.3982769451673675,0.3333333333333321,0.7505330490405271,0.0882352941175668,0.4086593043657771,0.3678337822239328,0.4166666666666714,0.7441860465116292,0.6302126484396595,1,2,-0.3864469192671934,0.2947323060393201,-45.10182,36.698284,4,4,3,0.42405221489819667,0.5553426363478224
9,158,0.003,-0.0004,100.0,0.4216867469879446,0.5175495966862869,0.2856178257933841,0.0,0.5974235104669816,0.1060606060600548,0.4234945705824344,0.3511904761904745,0.6823027718550065,0.2058823529409892,0.4559810093920973,0.3347441323586011,0.3333333333333357,0.5813953488372086,0.5550952775476361,1,3,-0.2777411087595647,0.6129188539794737,-1.5995454,65.68666,4,4,3,0.25989367036109723,0.7245985867385217
9,174,0.0002,0.0001,100.0,0.4096385542168832,0.5288859821233913,0.6026333558406485,1.0,0.590982286634457,0.2272727272729753,0.5468904244817381,0.4285714285714306,0.4904051172707824,0.2205882352941444,0.5697182371761826,0.5182762601000377,0.4166666666666714,0.4573643410852668,0.4596796465064869,2,0,0.1617900393987396,0.4790027473413056,25.48387,37.263992,0,0,2,0.0,0.5261163358469676
9,176,0.001,-0.0001,100.0,0.5873493975903443,0.4473512099411394,0.4427751519243763,1.0,0.6505636070853456,0.1666666666669698,0.5306021717670291,0.4464285714285729,0.5735607675906209,0.1911764705882888,0.5911342759830731,0.5475182762600994,0.5833333333333357,0.4961240310077528,0.4687931510632381,2,0,0.1181917844111996,0.5291500606453668,23.12156,37.94114,0,0,2,0.00020916087723173531,0.38570796839929555
9,177,-0.0047,0.0003,100.0,0.4879518072289386,0.5406583823850042,0.4383862255232955,1.0,0.5942028985507193,0.257575757575978,0.5647491698824396,0.3452380952380949,0.5906183368870046,0.294117647058556,0.5794715656930549,0.4267025779145825,0.6666666666666714,0.5813953488372086,0.4029273681303493,0,1,0.1098661919753029,0.5070468298209926,24.919268,39.307293,2,2,3,0.005714950409309439,0.529164162076715
9,178,-0.0013,-0.0002,100.0,0.6295180722891587,0.5173315892740362,0.4208305199189759,1.0,0.473429951690818,0.2878787878789808,0.5818002333303411,0.5178571428571423,0.6332622601279212,0.25,0.6091443905459784,0.4894190073105022,0.5,0.4496124031007724,0.587268710301025,2,0,0.1812298714607795,0.5121530297634864,25.704472,39.014793,0,0,2,0.006666666666666667,0.3932283213670645
10,88,-0.003,0.0001,100.0,0.4518072289156691,0.3089165031611145,0.3089128966914245,1.0,0.6956521739130324,0.3333333333330301,0.1522929193215461,0.3333333333333321,0.6823027718550065,0.3382352941175668,0.2277324801321043,0.3936129280492508,0.25,0.7441860465116292,0.7508975421154389,1,2,-0.3486428712564741,-0.0802805612799007,-50.173462,-16.493,4,4,3,0.3955976478247569,0.5993233570965842
10,111,-0.0064,-0.0001,100.0,0.4548192771084416,0.3594942228035762,0.3214044564483451,1.0,0.7326892109500847,0.2424242424240219,0.1436327739387977,0.2797619047619051,0.6737739872068289,0.2058823529409892,0.1840747239137172,0.2958830319353609,0.4166666666666714,0.550387596899224,0.6061861364264018,4,2,-0.2978568924444491,-0.018674396683542,-21.904467,16.045498,3,3,4,0.5690342234669736,0.5690342234669736
10,115,-0.0029,-0.0001,100.0,0.3524096385542066,0.2306518421626364,0.272957461174883,1.0,0.6473429951690832,0.2727272727270247,0.1623889437314929,0.3035714285714306,0.6673773987206886,0.2794117647058556,0.2166374238827515,0.3366679492112396,0.4166666666666714,0.6821705426356601,0.6060480530240255,1,2,-0.3393198540459733,-0.0448264472706295,-52.5291,-22.658337,4,4,3,0.39469608351724145,0.5990599192676457
10,135,0.0017,-0.0004,100.0,0.569277108433738,0.4750381512971486,0.372889939230248,1.0,0.6827697262479973,0.1818181818180164,0.1806066588889905,0.2380952380952372,0.6460554371002161,0.2352941176468448,0.2422334606254494,0.3674490188534065,0.3333333333333357,0.6201550387596875,0.7009113504556765,4,1,-0.2582129110047279,0.0491378435791007,-29.075144,25.036228,3,3,4,0.5689414102486092,0.5689414102486092
10,174,0.0019,0.0002,100.0,0.4427710843373234,0.3472858077174692,0.4599932478055351,1.0,0.6215780998389704,0.2878787878789808,0.273041371264469,0.4642857142857153,0.5394456289978677,0.3235294117644116,0.2666941892868166,0.4474797999230517,0.5,0.4961240310077528,0.4984810825738748,4,1,0.0450239854463477,0.0683636377973126,19.20202,6.82603,3,3,2,0.00340907827626079,0.654305013276188
10,178,0.0018,-0.0003,100.0,0.5180722891566063,0.2378460867669574,0.5624577987846031,1.0,0.58132045088567,0.2878787878789808,0.2413174190074514,0.4642857142857153,0.4712153518123614,0.3382352941175668,0.317525028382704,0.3455175067333584,0.4166666666666714,0.4496124031007724,0.6409831538249122,4,1,0.03181452408389,0.0400889815406855,13.464462,14.317281,3,3,2,0.00349940425351563,0.575706026144954
10,194,0.0007,0.0005,100.0,0.7078313253011856,0.6705908000872043,0.5656650911546244,1.0,0.41867954911433,0.3030303030300274,0.3107331957282611,0.5357142857142847,0.3773987206823079,0.4117647058819784,0.2926514604190302,0.5863793766833396,0.6666666666666714,0.4651162790697682,0.3319524993095797,2,4,0.5444531010290362,0.1364309384575217,50.574352,24.941126,0,0,2,0.0,0.49211593870509857
10,202,0.0033,0.0003,100.0,0.5481927710843308,0.573141486810556,0.6203578663065485,1.0,0.3043478260869534,0.3636363636360329,0.295028268868343,0.6190476190476204,0.4690831556503099,0.3823529411761228,0.3295489730622378,0.6694882647172022,0.5,0.3255813953488378,0.4634078983706189,2,0,0.5143723909843259,0.1056938838544288,57.544983,18.374931,0,0,2,0.0,0.4298830620609175
10,203,0.0028,-0.0001,100.0,0.7289156626505928,0.6202310878569932,0.6779203241053366,1.0,0.3220611916264033,0.378787878787989,0.320739477699,0.7619047619047628,0.4328358208955194,0.4264705882351336,0.3307874909691435,0.5563678337822253,0.5,0.3953488372093012,0.5103562551781238,2,4,0.6021651723811369,0.1077102421421954,64.13458,20.787361,0,0,1,0.0,0.4944534736726651
10,204,0.0007,-0.0003,100.0,0.644578313253021,0.4292565947242224,0.6463538149898724,1.0,0.4090177133655288,0.3939393939390356,0.3348739118729256,0.601190476190478,0.3539445628997839,0.4264705882351336,0.3125193518422975,0.7599076567910714,0.6666666666666714,0.4186046511627879,0.2681579674123178,2,0,0.6353438262167964,0.1123462599271159,59.703735,26.967607,0,0,1,0.0,0.5591384976369413
11,93,-0.0009,0.0003,100.0,0.2078313253011856,0.4471332025288888,0.3590479405806874,1.0,0.6473429951690832,0.2272727272729753,0.1437673875975988,0.3690476190476204,0.6950959488273014,0.2647058823527004,0.2173598926617828,0.3285879184301663,0.1666666666666714,0.6124031007751931,0.6117094725214045,1,2,-0.346877032740603,-0.0426685999977802,-50.663086,-2.44258,4,4,3,0.42682914056751364,0.5669874334315541
11,121,0.001,-0.0,100.0,0.466867469879503,0.2476564203182931,0.3452059419311268,1.0,0.6215780998389704,0.1818181818180164,0.1825809925513795,0.2916666666666678,0.7718550106609712,0.2647058823527004,0.2297450717308322,0.3116583301269742,0.4166666666666714,0.5891472868217029,0.5824357912178968,4,2,-0.3045779690599172,0.0224933054186503,-43.359306,7.444849,3,3,4,0.5842638540528353,0.5842638540528353
11,123,0.0,-0.0004,100.0,0.388554216867476,0.336385437104866,0.2572586090479412,1.0,0.7616747181964598,0.2878787878789808,0.1674593915462594,0.2976190476190474,0.7142857142857082,0.2794117647058556,0.2301579110331317,0.2928049249711435,0.4166666666666714,0.4961240310077528,0.5843689588511438,4,2,-0.3103903443166964,-0.0034550272088161,-39.34225,13.623277,3,3,4,0.5496285150272603,0.5496285150272603
11,138,0.0023,-0.0005,100.0,0.4728915662650479,0.1567473294092067,0.3760972316002693,1.0,0.8566827697262482,0.2424242424240219,0.2055999282060483,0.3035714285714306,0.6737739872068289,0.294117647058556,0.2170502631850581,0.4163139669103515,0.3333333333333357,0.6434108527131777,0.6639049986191665,1,2,-0.3576137696228752,-0.0082244106790984,-48.740692,-18.424551,4,4,3,0.4135474731906915,0.5756993595655671
11,144,-0.0035,-0.0005,100.0,0.4216867469879446,0.2873337693481588,0.3269750168804854,1.0,0.7133655394524965,0.1969696969699725,0.2262855604415321,0.3154761904761933,0.7313432835820919,0.2352941176468448,0.2549798740840145,0.496729511350523,0.3333333333333357,0.5038759689922472,0.5850593758630254,4,1,-0.2609714935568415,0.073617715467279,-37.946354,16.071095,3,3,4,0.5590779651309472,0.5590779651309472
11,159,-0.0037,-0.0003,100.0,0.2499999999999715,0.4916067146282969,0.5143484132343019,0.0,0.5845410628019323,0.2878787878789808,0.2093691106524247,0.2380952380952372,0.6673773987206886,0.2058823529409892,0.2592630818453898,0.4232397075798459,0.3333333333333357,0.5271317829457338,0.7212096106048023,1,3,-0.2851310814951593,0.3068561647311458,-3.0119112,68.71669,4,4,3,0.32032929279942923,0.6687166458926743
11,179,-0.0001,0.0002,100.0,0.4939759036144551,0.4205362982341398,0.5136731937879837,1.0,0.5845410628019323,0.2424242424240219,0.2739836668760702,0.4583333333333321,0.5117270788912691,0.2647058823527004,0.2880070182681393,0.5652173913043512,0.3333333333333357,0.5426356589147296,0.6246893123446569,4,1,0.0357783434138229,0.0931404238954438,19.313126,19.245882,3,3,2,0.0013376607204883292,0.6760388767846852
11,185,0.0016,0.0001,100.0,0.4939759036144551,0.3594942228035762,0.544733288318703,1.0,0.5491143317230183,0.3484848484849863,0.271291393700082,0.375,0.579957356076747,0.25,0.2831561564660987,0.4844170834936534,0.5,0.5813953488372086,0.4769400718033694,0,1,0.0589676622774548,0.0863328045059082,17.21561,6.8645363,2,2,3,0.005906505962271398,0.5178395926765508
11,188,0.0006,0.0001,100.0,0.5963855421686901,0.6832352299978268,0.5033760972315982,1.0,0.6650563607085331,0.3181818181819835,0.2684196356456922,0.3988095238095255,0.5820895522387985,0.3088235294117112,0.3326452678294984,0.5440554059253557,0.4166666666666714,0.5348837209302282,0.6616956641811669,0,1,0.0898799902704216,0.1468532961499239,24.150726,-6.102226,2,2,3,0.00554232647792482,0.5766123713961946
11,206,-0.0008,0.0003,100.0,0.5572289156626482,0.4652278177458058,0.5796758946657654,1.0,0.3961352657004653,0.3030303030300274,0.3912770349098124,0.4285714285714306,0.4157782515991357,0.2794117647058556,0.3660852513159227,0.4782608695652186,0.5,0.4263565891472822,0.460646230323114,0,4,0.2914423350733941,0.2083830236999289,37.457417,26.347635,2,2,0,0.0,0.4936606830062568
11,212,0.0017,0.0004,100.0,0.6325301204819027,0.673424896446484,0.5715732613099256,1.0,0.4541062801932298,0.3333333333330301,0.3635914924167664,0.571428571428573,0.5692963752665321,0.3382352941175668,0.4285788007018283,0.5748364755675226,0.4166666666666714,0.550387596899224,0.4139740403203547,0,4,0.3489716988151059,0.2467220161280349,42.09711,24.540747,2,2,0,0.0,0.5687459355410945
11,215,-0.0012,0.0003,100.0,0.611445783132524,0.4663178548070661,0.6583389601620517,1.0,0.463768115942031,0.3484848484849863,0.4156421071524718,0.5297619047619051,0.4840085287846563,0.3529411764702672,0.4354938590153807,0.4844170834936534,0.5833333333333357,0.4573643410852668,0.5335542667771307,0,4,0.3464227274185351,0.2560112051310548,38.04692,26.97842,2,2,0,0.0,0.8140966588943593
11,217,0.0022,-0.0005,100.0,0.5210843373494072,0.5328101155439313,0.5357866306549646,1.0,0.4492753623188292,0.3030303030300274,0.388315534416229,0.547619047619051,0.4093816631130096,0.3382352941175668,0.4411703994220275,0.5505963832243168,0.4166666666666714,0.2868217054263517,0.5197459265396347,0,4,0.3486843183397546,0.2408783574094368,40.11161,26.737206,2,2,0,0.0,0.6462301681556833
21,109,0.0008,0.0003,100.0,0.3524096385542066,0.5958142576847649,0.4495273463875762,1.0,0.5152979066022425,0.3484848484849863,0.1896706452481353,0.3988095238095255,0.5820895522387985,0.3235294117644116,0.1900608937970886,0.4128510965756078,0.5833333333333357,0.5426356589147296,0.4254349627174818,0,4,0.0932463495890283,-0.009603375642801,39.749573,-6.5176387,2,2,3,0.006635451053476148,0.621320070497778
21,171,0.0004,-0.0,100.0,0.5180722891566063,0.5134074558535033,0.5862592842673884,1.0,0.41867954911433,0.2727272727270247,0.4018217715157561,0.5178571428571423,0.4093816631130096,0.3823529411761228,0.3921457322737112,0.5702193151212072,0.5,0.4418604651162781,0.4827395747031175,0,4,0.3536263735663988,0.2188193392241178,41.65965,28.698217,2,2,0,0.0,0.8738259655574071
25,89,0.0007,-0.0002,100.0,0.424698795180717,0.4408109875735775,0.4155975692099929,1.0,0.5829307568438082,0.2424242424240219,0.1114152382661757,0.4583333333333321,0.5650319829424433,0.3088235294117112,0.1447001754566983,0.6244709503655272,0.4166666666666714,0.480620155038757,0.5251311792322539,0,1,0.0470706750903786,-0.084425147522828,16.456627,-22.20117,2,2,3,0.004333899324453015,0.550333440056534
25,105,0.0028,0.0001,100.0,0.4216867469879446,0.3230869849574915,0.3973666441593515,1.0,0.5426731078905078,0.3030303030300274,0.1249214753657028,0.5059523809523832,0.5202558635394468,0.3382352941175668,0.1735473217050227,0.4293959215082736,0.3333333333333357,0.5271317829457338,0.4819110742888739,4,1,-0.0009301878876054,-0.1211580416290929,4.211477,-40.748672,3,3,2,0.0015889596205678437,0.5647475108400308
25,144,-0.0016,0.0003,100.0,0.4728915662650479,0.3047743623283239,0.4849763673193799,1.0,0.528180354267306,0.2878787878789808,0.1420622812528051,0.4107142857142847,0.5692963752665321,0.397058823529278,0.197130766849007,0.5298191612158547,0.3333333333333357,0.5348837209302282,0.449737641535485,4,1,0.0408822472489108,-0.094094899596908,4.143876,-45.442654,3,3,2,0.0014982809008629938,0.6292984468610546
25,187,0.0006,0.0004,100.0,0.569277108433738,0.6003924133420568,0.5590817015530014,1.0,0.3913043478260789,0.3636363636360329,0.3107780669478615,0.5297619047619051,0.4115138592750469,0.3235294117644116,0.3050366394880797,0.4921123509041933,0.6666666666666714,0.3023255813953476,0.3576360121513353,2,4,0.4841811458300522,0.1383148200806548,51.559208,21.852646,0,0,2,0.0,0.7880755618032891
25,189,-0.0,-0.0001,100.0,0.4849397590361661,0.5332461303684326,0.6046590141796067,1.0,0.4476650563607052,0.4090909090909918,0.2827784259176198,0.6130952380952408,0.3880597014925371,0.5147058823527004,0.3146351532665932,0.5883031935359782,0.5833333333333357,0.4651162790697682,0.4120408726871005,0,4,0.471864303009295,0.0437756549364876,54.851337,20.900835,2,2,1,0.0,0.48385844830468794
28,96,-0.0015,-0.0004,100.0,0.3313253012047994,0.4397209505123243,0.3290006752194472,1.0,0.6360708534621438,0.1969696969699725,0.1933052140357176,0.2619047619047627,0.6759061833688804,0.1911764705882888,0.2401176592011538,0.4794151596768046,0.5,0.5658914728682127,0.814968240817457,4,2,-0.2894771265870607,0.0661399054471318,-43.11673,27.620071,3,3,4,0.6141919361796702,0.6141919361796702
28,100,0.0014,-0.0,100.0,0.3253012048192545,0.45541748419447,0.2221471978392983,1.0,0.5346215780998307,0.2424242424240219,0.2187023243291719,0.2857142857142847,0.7270788912580031,0.2205882352941444,0.2221591495510324,0.3416698730280885,0.5,0.6279069767441854,0.6141949737641497,4,2,-0.2811153223640057,0.0503745120994263,-28.958815,13.919985,3,3,4,0.61602315612791,0.61602315612791
28,108,0.0005,0.0005,100.0,0.3313253012047994,0.4466971877043875,0.4407494935854146,0.0,0.6650563607085331,0.257575757575978,0.2080678452840345,0.3511904761904745,0.6823027718550065,0.2352941176468448,0.2632366601300404,0.3982300884955734,0.3333333333333357,0.5658914728682127,0.5919635459817769,1,3,-0.2654433460261738,0.3137925847698032,-2.9668307,68.27734,4,4,3,0.19780413223576243,0.7908606225844779
28,128,-0.003,0.0003,100.0,0.4427710843373234,0.3978635273599309,0.4469952734638767,1.0,0.4669887278582934,0.3333333333330301,0.221259983846366,0.3809523809523831,0.6652452025586229,0.3382352941175668,0.246310248735682,0.5702193151212072,0.4166666666666714,0.4263565891472822,0.4855012427506224,0,1,0.0750700075540024,0.0163790181524501,17.400866,-24.8863,2,2,3,0.002330673326309924,0.5230470020486258
33,101,0.0028,0.0002,100.0,0.3915662650602485,0.395901460649668,0.3926401080351098,1.0,0.6747181964573201,0.1666666666669698,0.1857219779233645,0.2500000000000035,0.6865671641790954,0.25,0.2342346991433572,0.3716814159292028,0.4166666666666714,0.4573643410852668,0.6985639326152935,4,2,-0.2626745096729379,0.0489515965036116,-45.392097,16.05663,3,3,4,0.6117499047922124,0.6117499047922124
33,116,0.0004,0.0001,100.0,0.3584337349397515,0.4161761499891057,0.4667454422687385,1.0,0.573268921095007,0.1666666666669698,0.1973436237996892,0.3095238095238102,0.8017057569296497,0.25,0.238156672515224,0.4297806848787999,0.3333333333333357,0.6744186046511587,0.7228666114333038,4,2,-0.3017053707156959,0.0481813516088938,-31.472681,22.14204,3,3,4,0.5378130617008104,0.5378130617008104
33,117,0.0011,-0.0,100.0,0.2379518072289101,0.2210595160235513,0.2265361242403791,1.0,0.7568438003220592,0.257575757575978,0.2079332316252333,0.3928571428571423,0.5351812366737789,0.2794117647058556,0.2209722365569177,0.3501346671796881,0.3333333333333357,0.651162790697672,0.6826843413421742,1,2,-0.3776181657620663,-0.0362955592244525,-57.971657,-22.00923,4,4,3,0.44639326316756894,0.5493388373395666
33,128,0.0005,0.0004,100.0,0.2620481927710898,0.3610202746893378,0.220290344361917,1.0,0.6231884057971087,0.2272727272729753,0.2036704657632668,0.3214285714285729,0.7590618336887047,0.2647058823527004,0.2036845907730438,0.4128510965756078,0.3333333333333357,0.5193798449612395,0.5835404584368931,1,2,-0.3245703384816658,0.005772731728949,-49.873833,8.918224,4,4,3,0.43477025161781785,0.5634085315476983
33,144,-0.0028,0.0002,100.0,0.4939759036144551,0.6163069544364532,0.411546252532073,0.0,0.5974235104669816,0.2878787878789808,0.1782733554697984,0.4107142857142847,0.5437100213219566,0.3529411764702672,0.1999690370523268,0.3370527125817659,0.4166666666666714,0.4186046511627879,0.5375586854460082,0,3,-0.0106864365636566,0.2416177577905355,-1.4687163,68.96017,2,2,3,0.04810944170651456,0.6469326063211681
33,179,0.0024,0.0003,100.0,0.4397590361445509,0.6003924133420568,0.6228899392302516,1.0,0.4170692431562059,0.4545454545450411,0.1611774208022964,0.5595238095238102,0.3646055437100131,0.441176470587834,0.1819073175766306,0.5163524432473992,0.5,0.3643410852713167,0.4395194697597304,0,4,0.4374660029232149,-0.1125653647051712,67.325836,-9.162348,2,2,1,0.0,0.5175906472397306
33,184,0.0007,0.0,100.0,0.5572289156626482,0.5229997819925885,0.5551991897366655,1.0,0.2463768115942031,0.4696969696969972,0.151350623709952,0.5833333333333321,0.3006396588486097,0.397058823529278,0.1774692950768894,0.5290496344748021,0.5833333333333357,0.3875968992248033,0.4729356531344919,3,4,0.5132226392666691,-0.1327877362786993,71.8591,1.136445,1,1,2,0.0,0.584028698296331
38,26,-0.0023,0.0001,100.0,0.5813253012048278,0.5236538042293475,0.3529709655638093,1.0,0.4267310789049929,0.4696969696969972,0.1015884411738383,0.4047619047619051,0.5927505330490419,0.3382352941175668,0.146867581793785,0.406694882647173,0.5,0.6124031007751931,0.5671085335542685,0,1,0.0725258183874545,-0.150355351123632,-1.7962571,-27.047968,2,2,3,0.004007129845698609,0.5845251856935011
38,57,-0.0006,0.0003,100.0,0.644578313253021,0.393285371702639,0.3749155975692098,1.0,0.4621578099838928,0.3181818181819835,0.1335367495288508,0.4523809523809525,0.6119402985074487,0.3235294117644116,0.166890287955411,0.559830704116969,0.4166666666666714,0.6589147286821699,0.4716929025131193,0,1,0.0739612253656531,-0.0877343370874137,22.234287,-14.418356,2,2,3,0.0030780229983847903,0.5136561847219913
38,69,0.0007,0.0002,100.0,0.5421686746987859,0.4373228689775459,0.5216070222822431,1.0,0.4847020933977433,0.2424242424240219,0.1373059319752343,0.4523809523809525,0.5031982942430631,0.3235294117644116,0.1425843740324026,0.4717198922662575,0.5,0.7286821705426334,0.6447114056890371,4,1,0.0384172853123243,-0.0907532459417133,13.355521,-8.382411,3,3,2,0.0014094013012097702,0.7041878029330162
38,76,0.0002,0.0004,100.0,0.397590361445765,0.2919119250054578,0.4488521269412544,1.0,0.4508856682769675,0.2878787878789808,0.1522480481019457,0.3988095238095255,0.6460554371002161,0.4264705882351336,0.1453710393229386,0.6198537899192047,0.4166666666666714,0.5813953488372086,0.4201877934272318,0,1,0.0441183077160393,-0.1180298567290003,34.53068,-43.395817,2,2,3,0.0015051112914012152,0.5210111568981741
38,100,0.0006,-0.0004,100.0,0.5120481927710614,0.3479398299542211,0.5072586090479412,1.0,0.6054750402576445,0.3181818181819835,0.1395943641748189,0.4642857142857153,0.4477611940298374,0.3235294117644116,0.2148828568479714,0.357829934590228,0.4166666666666714,0.5658914728682127,0.5546810273405143,4,4,0.0282056595331881,-0.0769402735716928,10.938226,-47.174023,3,3,2,0.0009630806536249755,0.5833895705110607
38,101,0.0016,-0.0001,100.0,0.4969879518072275,0.5585349901896706,0.4368669817690751,1.0,0.5700483091787447,0.257575757575978,0.1572287534775256,0.3928571428571423,0.6503198294243049,0.397058823529278,0.1613169573743391,0.6791073489803807,0.4166666666666714,0.6356589147286797,0.5230599281966306,0,1,0.0548504763136611,-0.0474505572435474,11.739585,-13.378616,2,2,3,0.008525575575273423,0.6768426319684816
38,109,0.0005,-0.0001,100.0,0.4849397590361661,0.4068018312622641,0.4684334908845358,1.0,0.4927536231884062,0.3484848484849863,0.1750426276586196,0.3571428571428612,0.5586353944562745,0.397058823529278,0.2208690267313429,0.5101962293189715,0.4166666666666714,0.5736434108527142,0.5932062966031424,4,1,0.0363892917546004,-0.0631779369189651,14.151067,-20.85533,3,3,2,0.0005248538137513885,0.5581597251659243
38,155,-0.0036,0.0002,100.0,0.6867469879518069,0.5541748419446293,0.5989196488858894,1.0,0.3429951690821298,0.3333333333330301,0.3137395674414449,0.5892857142857153,0.2835820895522261,0.3529411764702672,0.3253689751264303,0.6564063101192801,0.5833333333333357,0.5736434108527142,0.4567798950566129,2,0,0.5220547268163683,0.1179849819055645,55.085735,24.621258,0,0,2,0.0,0.44511071721521006
38,156,0.0033,-0.0004,100.0,0.6807228915662904,0.7126662306518412,0.5047265361242417,1.0,0.4219001610305923,0.2878787878789808,0.3065153010858878,0.5357142857142847,0.3816631130063967,0.3382352941175668,0.3537516771596642,0.4751827626010012,0.6666666666666714,0.4031007751937956,0.4466998066832346,2,4,0.458377076746444,0.1899273150464673,47.68247,23.59275,0,0,2,0.0,0.7103563191021041
43,116,0.0011,0.0,100.0,0.3795180722891587,0.3080444735121048,0.3541525995948689,1.0,0.6328502415458956,0.4090909090909918,0.1349726285560422,0.3035714285714306,0.7974413646055325,0.2647058823527004,0.1843327484776509,0.3224317045017315,0.4166666666666714,0.651162790697672,0.7038111019055506,4,2,-0.3283992304602157,-0.0914130006936052,-28.587536,-15.423674,3,3,4,0.5513695875844757,0.5513695875844757
43,125,-0.0013,0.0,100.0,0.3042168674698757,0.2119032047089604,0.3826806212018923,1.0,0.7600644122383358,0.2878787878789808,0.1441712285739953,0.375,0.6759061833688804,0.3235294117644116,0.1670967076065608,0.3285879184301663,0.3333333333333357,0.6356589147286797,0.6625241645954105,1,2,-0.3520603342386881,-0.1066603261655332,-49.72214,-22.369215,4,4,3,0.40526666304121917,0.5895607304262062
43,126,-0.0007,0.0004,100.0,0.3012048192771033,0.417266187050366,0.2759959486833203,1.0,0.5636070853462201,0.2878787878789808,0.1512160100511579,0.2500000000000035,0.5927505330490419,0.2205882352941444,0.1868097842914693,0.2593305117352855,0.25,0.6589147286821699,0.5753935376967689,1,1,-0.334558986251461,-0.0701064780018319,-44.679718,-5.390953,4,4,3,0.4851238628231089,0.5130482265229631
43,138,0.0004,-0.0004,100.0,0.5240963855421796,0.450839328537171,0.5136731937879837,1.0,0.5571658615136812,0.3333333333330301,0.1606838373867063,0.4166666666666643,0.5245202558635356,0.3382352941175668,0.1819073175766306,0.440169295883031,0.3333333333333357,0.6124031007751931,0.5874067937034013,4,1,0.0180277914397462,-0.0827934442254474,-2.8270168,-31.928589,3,3,2,0.0021758303677715317,0.5488923385239107
43,156,0.0034,0.0004,100.0,0.424698795180717,0.388053193808588,0.347231600270085,1.0,0.5426731078905078,0.378787878787989,0.098312842143045,0.3273809523809525,0.4690831556503099,0.3529411764702672,0.1790690473733107,0.5656021546748775,0.5,0.5116279069767415,0.5238884286108814,0,1,0.0445173004457625,-0.1275582313279134,12.447663,-29.021772,2,2,3,0.0018964205432437191,0.5277280562184764
43,182,0.0005,-0.0,100.0,0.7108433734939865,0.6298234139960783,0.4598244429439582,1.0,0.3880837359098166,0.378787878787989,0.1190433455981363,0.5833333333333321,0.422174840085276,0.4705882352936896,0.137733512230362,0.4559445940746442,0.5833333333333357,0.3565891472868223,0.3522507594587125,3,0,0.4847221585976334,-0.1280690050443559,76.621254,-7.3651967,1,1,2,0.0,0.5980123346397689
49,33,-0.002,0.0002,100.0,0.253012048192744,0.4270765206017088,0.4378798109385542,1.0,0.5587761674718337,0.3333333333330301,0.091671901642286,0.5,0.5607675906183403,0.397058823529278,0.1220972236556932,0.5140438630242485,0.5,0.5891472868217029,0.5086992543496223,4,2,0.0216740250854693,-0.164016324402518,12.769716,-26.411633,3,3,2,0.0017977640872005212,0.5759685133247174
49,63,0.0034,0.0004,100.0,0.2951807228915868,0.3418356224111676,0.451215395003377,1.0,0.5603864734299577,0.3939393939390356,0.1342995602620504,0.422619047619051,0.4605543710021322,0.441176470587834,0.1464547424914855,0.504424778761063,0.4166666666666714,0.5891472868217029,0.5352112676056322,4,1,0.0192440945806374,-0.1772197729618004,3.2040353,-54.96584,3,3,2,0.0077499167606707685,0.5220837239507446
49,71,0.0027,0.0004,100.0,0.3855421686747036,0.4717680401133677,0.4323092505064139,1.0,0.5990338164251341,0.3333333333330301,0.1153639055909536,0.3690476190476204,0.4989339019189742,0.3529411764702672,0.1444937558055485,0.4097729896113904,0.4166666666666714,0.3333333333333321,0.4163214581607235,0,4,0.0750064483077832,-0.1145668759786167,36.949802,-29.298668,2,2,3,0.0017183074629003728,0.5519510993712193
49,78,-0.0011,-0.0002,100.0,0.6234939759036138,0.5631131458469625,0.5006752194463218,1.0,0.6360708534621438,0.3181818181819835,0.1171587543749481,0.4345238095238102,0.5543710021321857,0.3676470588234224,0.1460419031891788,0.3516737206617932,0.3333333333333357,0.5348837209302282,0.5643468655067636,0,1,0.0436303806721913,-0.1081476149561473,13.572885,-37.296005,2,2,3,0.00296795524045599,0.5434368473876768
49,107,0.0016,-0.0005,100.0,0.4337349397590344,0.4532374100719423,0.4377110060769773,1.0,0.5491143317230183,0.378787878787989,0.122498429507317,0.4523809523809525,0.5842217484008358,0.3088235294117112,0.1482609144390565,0.4155444401692989,0.4166666666666714,0.4961240310077528,0.4566418116542436,0,1,0.046453085776933,-0.112739964174297,17.912214,-32.16337,2,2,3,0.006820604590534726,0.5463219302088044
49,111,0.001,0.0002,100.0,0.5361445783132694,0.52844996729889,0.4188048615800142,1.0,0.4750402576489421,0.378787878787989,0.1093062909449926,0.4107142857142847,0.5628997867803918,0.3382352941175668,0.1054288368252613,0.3389765294343974,0.4166666666666714,0.4651162790697682,0.5571665285832594,0,1,0.0629687913246639,-0.1548492112183479,15.102557,-37.48245,2,2,3,0.005186123383117207,0.5696542333875206
49,148,-0.0005,-0.0004,100.0,0.7530120481928009,0.6269893176367987,0.6228899392302516,1.0,0.4396135265700565,0.4545454545450411,0.1132998294893639,0.6547619047619087,0.5095948827292176,0.4558823529409892,0.1599236247290747,0.5332820315505984,0.5833333333333357,0.4341085271317837,0.4078983706158468,3,4,0.5269697511462266,-0.1192255295762656,62.807926,3.5060954,1,1,2,0.0,0.5095995374547119
49,163,0.0027,0.0,100.0,0.4518072289156691,0.5467625899280577,0.4772113436866974,1.0,0.4025764895330184,0.4393939393939945,0.1329534236740599,0.5833333333333321,0.3134328358208904,0.397058823529278,0.1476932603983911,0.6664101577529848,0.75,0.3410852713178265,0.35625517812759,3,0,0.5315127645212332,-0.1135669264033854,72.40609,3.2741668,1,1,2,0.0,0.5256390633985546
49,169,0.0,0.0002,100.0,0.5240963855421796,0.3773708306082426,0.5909858203916265,1.0,0.4299516908212553,0.4696969696969972,0.1802476891321873,0.6904761904761898,0.3923240938166259,0.441176470587834,0.1390236350500586,0.6098499422854928,0.4166666666666714,0.4573643410852668,0.3006075669704486,0,4,0.4553280034254008,-0.1587453686054876,64.48027,-19.385729,2,2,1,0.0,0.5536897651396716
49,173,0.0007,0.0002,100.0,0.6837349397590344,0.6518421626335353,0.6531060094530723,1.0,0.4863123993558815,0.4090909090909918,0.1618504890962881,0.547619047619051,0.400852878464832,0.4117647058819784,0.19516978016307,0.6310119276644883,0.5,0.4031007751937956,0.4252968793151055,3,4,0.5060499951405514,-0.0552039148043423,63.270607,5.166271,1,1,2,0.0,0.596916067911406
50,5,-0.0018,0.0003,100.0,0.3614457831325239,0.4068018312622641,0.3237677245104677,1.0,0.7101449275362341,0.2272727272729753,0.1749977564390192,0.2857142857142847,0.7270788912580031,0.1764705882351336,0.227061616265864,0.4024624855713767,0.5,0.651162790697672,0.6072908036453981,4,2,-0.3043108259055605,0.0541694478076456,-28.117159,14.444139,3,3,4,0.7943409349728678,0.7943409349728678
50,14,-0.0014,0.0003,100.0,0.2228915662650763,0.3836930455635539,0.4090141796083735,1.0,0.6086956521739069,0.2272727272729753,0.1895360315893342,0.3452380952380949,0.6545842217483937,0.25,0.2261843327484811,0.316660253943823,0.25,0.6279069767441854,0.6360121513394077,1,2,-0.3187663541974473,-0.0111547971216261,-50.192963,-3.0946233,4,4,3,0.2567985527906129,0.7320965413687381
50,20,-0.0001,-0.0002,100.0,0.3644578313252964,0.2733812949640324,0.294733288318703,1.0,0.7504025764895346,0.257575757575978,0.2118818989500184,0.3630952380952408,0.63752665245201,0.294117647058556,0.2193208793477126,0.4224701808387863,0.3333333333333357,0.5271317829457338,0.7792046396023196,1,2,-0.318579348058876,-0.0124349348881937,-36.992714,-24.05832,4,4,3,0.2504650940957862,0.7387045979928123
50,32,0.0009,-0.0006,100.0,0.4277108433734895,0.4006976237192106,0.2933828494260666,1.0,0.5668276972624824,0.2121212121210192,0.175670824733011,0.3511904761904745,0.761194029850742,0.2647058823527004,0.249045309113427,0.2431704501731459,0.4166666666666714,0.6666666666666643,0.6089478044738996,4,2,-0.2975039571708071,0.0265526136716795,-30.58042,15.505238,3,3,4,0.5188303133824732,0.5188303133824732
50,37,-0.0029,-0.0002,100.0,0.4367469879518069,0.4523653804229397,0.3215732613099256,0.0,0.7648953301127221,0.1666666666669698,0.1902090998833401,0.3690476190476204,0.63752665245201,0.2647058823527004,0.2660233254205764,0.3497499038091618,0.4166666666666714,0.5116279069767415,0.5625517812758929,1,3,-0.2646710037944506,0.3360187621409393,-2.9955924,67.09039,4,4,3,0.2785599371562533,0.7165465131659692
50,46,0.0008,0.0001,100.0,0.3162650602409655,0.3361674296926153,0.3742403781228915,1.0,0.5539452495974189,0.2121212121210192,0.2254778784887392,0.3333333333333321,0.6631130063965855,0.2205882352941444,0.2175663123129325,0.3816852635629075,0.25,0.6356589147286797,0.695940347970172,1,2,-0.3131914131786089,0.0097271638837919,-50.196835,-3.5977612,4,4,3,0.39582543423754524,0.5965920446066718
50,59,0.0011,-0.0,100.0,0.4548192771084416,0.3272291257902822,0.3111073598919667,1.0,0.6618357487922708,0.3181818181819835,0.2036704657632668,0.2261904761904745,0.7292110874200404,0.2058823529409892,0.2127154505108848,0.2243170450173153,0.5,0.5193798449612395,0.6093620546810286,4,2,-0.2965570885476783,0.0215363988479518,-42.431007,5.837069,3,3,4,0.6219228950583674,0.6219228950583674
50,96,0.0004,-0.0001,100.0,0.5421686746987859,0.3004142140832826,0.4289331532748157,1.0,0.6489533011272073,0.2272727272729753,0.1897155164677357,0.4880952380952408,0.4818763326226047,0.3529411764702672,0.2822272680359177,0.4690265486725664,0.4166666666666714,0.4651162790697682,0.5661419497376414,4,1,0.0344420275782255,0.017608970560528,22.649803,1.869284,3,3,2,0.0013985938481821424,0.5143860669500058
50,100,0.0017,0.0002,100.0,0.3524096385542066,0.3826030085022935,0.487002025658338,1.0,0.5587761674718337,0.2878787878789808,0.1990038589248826,0.4523809523809525,0.5351812366737789,0.3823529411761228,0.2431623490556305,0.3055021161985394,0.25,0.5658914728682127,0.4471140568903635,4,1,-0.0489217352379788,-0.0432160825627002,-16.049755,-35.40758,3,3,2,0.0024715189448111376,0.5075292750531188
50,109,-0.0008,-0.0004,100.0,0.5873493975903443,0.4783082624809296,0.3344024307900071,1.0,0.4943639291465302,0.2272727272729753,0.2100870501660239,0.4583333333333321,0.5884861407249531,0.3088235294117112,0.2296418619052502,0.388611004232402,0.5,0.4728682170542626,0.4570560618613655,0,1,0.0777751103841231,0.0416596178379725,8.029879,1.096594,2,2,3,0.008779487100011852,0.5792089554332004
50,134,-0.0027,-0.0004,100.0,0.463855421686759,0.5112273817309827,0.5379810938554996,1.0,0.5587761674718337,0.2727272727270247,0.2318047204523026,0.4107142857142847,0.6268656716417951,0.3235294117644116,0.2774796160594519,0.4971142747210493,0.5,0.5193798449612395,0.6281413974040291,0,1,0.0503298775087811,0.0774674544560893,13.582933,18.024197,2,2,3,0.0039056652648239262,0.508716587689444
50,145,0.0013,-0.0002,100.0,0.5722891566265105,0.3078264660998542,0.4196488858879128,1.0,0.4847020933977433,0.3030303030300274,0.2825540698196178,0.4464285714285729,0.5522388059701484,0.294117647058556,0.3207245329755395,0.5198153135821499,0.4166666666666714,0.6124031007751931,0.5748412040872708,4,1,0.0362906501789743,0.0878430946561269,23.55574,6.6491146,3,3,2,0.0023008796823903908,0.5202065374184893
50,162,0.0038,0.0001,100.0,0.6325301204819027,0.5565729234794006,0.6343686698176896,1.0,0.5297906602254443,0.3333333333330301,0.3161626132998307,0.6428571428571423,0.4115138592750469,0.3676470588234224,0.3308390958819274,0.5586764140053901,0.5833333333333357,0.4728682170542626,0.3632974316487143,2,4,0.4682524737919291,0.1479071213449609,53.060436,25.745787,0,0,2,0.0,0.5274880625823399
50,165,0.0011,0.0001,100.0,0.6355421686747036,0.5676913015042544,0.7172518568534763,1.0,0.4492753623188292,0.2878787878789808,0.3026115049807032,0.5357142857142847,0.4115138592750469,0.4558823529409892,0.3704716689028799,0.5532897268180079,0.6666666666666714,0.4031007751937956,0.5407346037006349,2,4,0.4799982998338566,0.1567994602164432,53.56562,23.55559,0,0,2,0.0,0.5360757432616052
50,167,-0.0024,-0.0001,100.0,0.5421686746987859,0.4800523217789418,0.5398379473328845,1.0,0.5104669887278561,0.2878787878789808,0.3313290855245441,0.6785714285714306,0.5031982942430631,0.3088235294117112,0.3518422953865183,0.6071565986918017,0.5833333333333357,0.3875968992248033,0.3209058271195779,0,4,0.4102539326241934,0.1943055869076678,46.7018,28.678326,2,2,0,0.0,0.5792709670458703
53,7,-0.0039,-0.0,100.0,0.466867469879503,0.3047743623283239,0.3160027008777852,1.0,0.6425120772946968,0.2424242424240219,0.2056447994256487,0.2738095238095255,0.63752665245201,0.25,0.2177211270512984,0.3647556752597225,0.3333333333333357,0.6124031007751931,0.7021541010770491,4,2,-0.3032545696358864,-0.0013944998402392,-38.81681,-17.061102,3,3,4,0.638627781258021,0.638627781258021
53,20,-0.0005,0.0005,100.0,0.4789156626505928,0.4373228689775459,0.3235989196488873,1.0,0.5668276972624824,0.2727272727270247,0.1744593018038287,0.2738095238095255,0.7313432835820919,0.2058823529409892,0.2228300134172798,0.3301269719122786,0.4166666666666714,0.6744186046511587,0.6869649268157971,4,2,-0.2813735716382833,0.0143594309467276,-29.827724,19.980896,3,3,4,0.6032149498141571,0.6032149498141571
53,29,-0.0002,-0.0003,100.0,0.2650602409638622,0.417266187050366,0.4054692775151913,1.0,0.6779388083735824,0.3030303030300274,0.1827604774297739,0.3988095238095255,0.6652452025586229,0.1617647058815237,0.1895964495819981,0.2558676414005418,0.3333333333333357,0.6744186046511587,0.695940347970172,1,2,-0.3381993962373415,-0.0213406570515599,-54.86254,-2.7407694,4,4,3,0.40201215990322564,0.5944285380340502
53,31,-0.0011,-0.0002,100.0,0.3102409638554206,0.3379114889906276,0.3323767724510489,0.0,0.5668276972624824,0.257575757575978,0.1611774208022964,0.3154761904761933,0.63752665245201,0.2647058823527004,0.1909381773144787,0.3705271258176239,0.25,0.6356589147286797,0.6919359293012945,1,3,-0.3799933230724981,0.1870624243848946,-3.972799,67.893036,4,4,3,0.3362294193106605,0.654185504401167
53,41,-0.0013,0.0005,100.0,0.3343373493976003,0.4408109875735775,0.342167454422686,1.0,0.7455716586151482,0.2272727272729753,0.1450237817463886,0.3214285714285729,0.6950959488273014,0.2794117647058556,0.2075033543193285,0.4124663332050815,0.3333333333333357,0.5968992248061973,0.6797845898923001,4,1,-0.3111565142356112,-0.0197312246575764,-36.71108,16.365623,3,3,4,0.5144605551942918,0.5144605551942918
53,57,-0.0009,0.0002,100.0,0.2319277108433652,0.2223675604970623,0.2705941931127604,1.0,0.6022544283413964,0.1969696969699725,0.199856412097283,0.3988095238095255,0.7313432835820919,0.2205882352941444,0.2474971617297967,0.2570219315121207,0.5833333333333357,0.5116279069767415,0.5922397127865224,4,2,-0.3073202617151327,0.047953410516119,-46.090656,7.059436,3,3,4,0.6573084356033738,0.6573084356033738
53,65,-0.0011,0.0001,100.0,0.3012048192771033,0.431436668846743,0.3571910871033097,1.0,0.6328502415458956,0.1969696969699725,0.1648119895898716,0.2678571428571423,0.6780383795309177,0.1764705882351336,0.211631747342345,0.3905348210850334,0.4166666666666714,0.651162790697672,0.4922673294669977,4,2,-0.2682897064986858,0.0324713936662619,-31.09046,11.809694,3,3,4,0.5245958322132482,0.5245958322132482
53,125,0.0024,0.0002,100.0,0.5993975903614626,0.3507739263135008,0.5643146522619844,1.0,0.6038647342995205,0.2878787878789808,0.2588171946513498,0.2976190476190474,0.5053304904051004,0.3382352941175668,0.2766539374548458,0.451712196998848,0.4166666666666714,0.5038759689922472,0.5769124551228941,4,1,0.0419359169495858,0.0569937236656035,23.74157,0.7166052,3,3,2,0.008620287634912906,0.5015649395392588
53,133,0.0023,-0.0003,100.0,0.3795180722891587,0.4580335731414919,0.5928426738690042,1.0,0.5587761674718337,0.257575757575978,0.2428879116934439,0.3988095238095255,0.6119402985074487,0.3529411764702672,0.2897099803901355,0.5248172373989988,0.3333333333333357,0.4728682170542626,0.6529964098315375,4,1,0.0085429033265749,0.0604348287853005,19.186275,17.268318,3,3,2,0.008921162041141323,0.5079978806528738
53,139,0.0,-0.0003,100.0,0.397590361445765,0.3982995421844393,0.5980756245779872,1.0,0.7004830917874472,0.2121212121210192,0.2763618415148485,0.4880952380952408,0.5650319829424433,0.2794117647058556,0.3071008359995844,0.5529049634474816,0.4166666666666714,0.5038759689922472,0.5640706987020181,4,1,0.0303307663444487,0.1321459754426793,19.242678,18.571838,3,3,2,0.00964215795074963,0.5436936690063425
53,140,-0.0006,-0.0003,100.0,0.5120481927710614,0.5803357314148698,0.5104659014179624,1.0,0.5603864734299577,0.3181818181819835,0.3097460288970666,0.3690476190476204,0.6268656716417951,0.3088235294117112,0.3170089792548225,0.3947672181608368,0.4166666666666714,0.4883720930232549,0.3933996133664692,0,4,0.1005480163279174,0.1517351576232259,19.18241,25.301903,2,2,3,0.006452975006223065,0.637162242534193
53,145,0.0026,-0.0002,100.0,0.3614457831325239,0.4789622847176815,0.5325793382849433,1.0,0.4669887278582934,0.2878787878789808,0.323880463070985,0.4523809523809525,0.5778251599147097,0.2794117647058556,0.3337289709980382,0.3682185455944591,0.5,0.550387596899224,0.5767743717205178,4,1,0.0417184287837133,0.1509253132082977,12.162494,24.881392,3,3,2,0.008887105525992554,0.5416630247775908
53,161,-0.0056,0.0003,100.0,0.5542168674698758,0.5528667974711183,0.568028359216747,1.0,0.4927536231884062,0.2424242424240219,0.3644440455891597,0.5773809523809526,0.5031982942430631,0.397058823529278,0.4004025183197441,0.4582531742978091,0.5,0.4961240310077528,0.3997514498757297,0,4,0.3055844241072847,0.2228518787684699,34.78454,28.331121,2,2,0,0.0,0.694252459791338
53,163,0.0015,0.0005,100.0,0.677710843373518,0.498146936995866,0.6193450371370695,1.0,0.4235104669887306,0.257575757575978,0.355739028986811,0.571428571428573,0.5117270788912691,0.3235294117644116,0.4111879450923723,0.4444016929588343,0.5833333333333357,0.3953488372093012,0.46824081745374,0,4,0.3726663123774518,0.2428763247239312,38.064625,26.957317,2,2,0,0.0,0.641284723708584
53,165,-0.004,0.0002,100.0,0.6084337349397799,0.4879005886200147,0.5391627278865627,1.0,0.5571658615136812,0.3181818181819835,0.3727900924347125,0.547619047619051,0.4157782515991357,0.2794117647058556,0.4251212715450521,0.4986533282031544,0.5,0.4961240310077528,0.4248826291079766,0,4,0.2936699553004243,0.2439301530390033,36.697483,27.310047,2,2,0,0.0,0.6546369969298702
54,99,-0.001,0.0002,100.0,0.3795180722891587,0.53041203400916,0.3933153274814316,1.0,0.626409017713371,0.1666666666669698,0.1567351700619212,0.2321428571428576,0.7697228144989197,0.25,0.2264423573124148,0.3955367449018894,0.4166666666666714,0.6356589147286797,0.672190002761667,4,2,-0.290629562705494,0.0444255737381849,-41.27576,26.185606,3,3,4,0.5420365747627693,0.5420365747627693
54,127,-0.0006,-0.0003,100.0,0.3373493975903727,0.1807281447569266,0.4704591492234975,1.0,0.6650563607085331,0.0757575757570521,0.2194651350623715,0.2559523809523831,0.63752665245201,0.2205882352941444,0.2728867788213449,0.4467102731819992,0.4166666666666714,0.6744186046511587,0.6307649820491577,1,2,-0.3240768699132725,0.0886050491909389,-44.006718,37.11135,4,4,3,0.49755205944271125,0.49924878275630474
54,142,0.0014,-0.0001,100.0,0.4367469879518069,0.3884892086330964,0.257596218771102,1.0,0.7681159420289845,0.2121212121210192,0.2143049448083971,0.2738095238095255,0.7270788912580031,0.294117647058556,0.2747961605944837,0.3505194305502144,0.5,0.5581395348837184,0.6162662247997801,4,2,-0.295379665518166,0.0871106564525973,-39.018826,24.899406,3,3,4,0.7341113925039277,0.7341113925039277
54,145,-0.0042,0.0003,100.0,0.3945783132529925,0.2171353826030113,0.4503713706954784,1.0,0.5668276972624824,0.1818181818180164,0.2353495468006841,0.3214285714285729,0.7761194029850884,0.25,0.30658478687171,0.3839938437860724,0.3333333333333357,0.6046511627906987,0.7696768848384394,1,2,-0.3293473772364227,0.0810213395878286,-30.382885,37.4548,4,4,3,0.4672838357485286,0.5300144759862627
54,146,-0.0015,-0.0003,100.0,0.2891566265060135,0.4907346849792944,0.3379473328831857,1.0,0.6859903381642596,0.1363636363630576,0.231400879475899,0.2916666666666678,0.5863539445629158,0.1764705882351336,0.2645783878625281,0.2408618699499811,0.3333333333333357,0.5193798449612395,0.4972383319525022,4,1,-0.274561080293681,0.1108733688652146,-40.337177,20.90672,3,3,4,0.4992826258517713,0.4992826258517713
54,151,-0.0052,-0.0001,100.0,0.2469879518072275,0.3865271419228264,0.36546252532073,1.0,0.6425120772946968,0.1363636363630576,0.1996769272188814,0.3333333333333321,0.7078891257995679,0.1911764705882888,0.2444008669625361,0.216237014236249,0.4166666666666714,0.4108527131782935,0.5901684617508991,4,2,-0.301881709375747,0.0768630431441262,-46.78077,5.561552,3,3,4,0.5602622843450189,0.5602622843450189
54,159,0.0012,-0.0001,100.0,0.4849397590361661,0.294310006540222,0.3352464550979057,1.0,0.6360708534621438,0.257575757575978,0.2152023692003979,0.2023809523809525,0.6716417910447774,0.1764705882351336,0.2904840540819435,0.3889957676029283,0.3333333333333357,0.5968992248061973,0.5965202982601454,4,2,-0.293808690033258,0.0750527538670137,-40.204742,32.925762,3,3,4,0.5030758902892578,0.5030758902892578
54,162,-0.0003,0.0004,100.0,0.457831325301214,0.5016350555918905,0.3301823092505067,1.0,0.6086956521739069,0.2727272727270247,0.2419456160818427,0.2321428571428576,0.7931769722814437,0.1617647058815237,0.2885230673960208,0.3285879184301663,0.3333333333333357,0.6434108527131777,0.5169842584921298,4,1,-0.2801813118073626,0.1245100772953213,-32.888996,27.995548,3,3,4,0.5305173656972124,0.5305173656972124
54,163,-0.0022,0.0003,100.0,0.319277108433738,0.1449749291475939,0.3641120864280864,1.0,0.6022544283413964,0.2272727272729753,0.2480032307278108,0.2559523809523831,0.7484008528784756,0.1617647058815237,0.2933223242852705,0.3932281646787245,0.4166666666666714,0.4496124031007724,0.5498481082573861,4,2,-0.2968397879831903,0.1036379542669629,-47.381725,8.609839,3,3,4,0.513989507032394,0.513989507032394
54,167,-0.0001,-0.0001,100.0,0.463855421686759,0.4318726836712443,0.334571235651584,1.0,0.6006441223832581,0.1969696969699725,0.2289329623979199,0.375,0.8336886993603514,0.2058823529409892,0.2757766539374557,0.2966525586764135,0.5,0.6434108527131777,0.5655896161281362,4,1,-0.2471856366547083,0.123968957144426,-26.87234,26.569626,3,3,4,0.5383362574029924,0.5383362574029924
54,180,0.0017,0.0003,100.0,0.4789156626505928,0.3185088293001996,0.3668129642133699,0.0,0.7181964573268829,0.2878787878789808,0.2843937898232127,0.4107142857142847,0.5437100213219566,0.1911764705882888,0.3292909484982971,0.3701423624470905,0.3333333333333357,0.5038759689922472,0.6462303231151623,1,3,-0.2269942156624713,0.379997649814788,-2.751257,66.21617,4,4,3,0.2187003982124001,0.7404837132629122
54,186,0.0028,-0.0002,100.0,0.5481927710843308,0.732940919991286,0.3852126941255882,1.0,0.6038647342995205,0.2727272727270247,0.2975410571659367,0.4107142857142847,0.6759061833688804,0.25,0.3150479925688927,0.6579453636013923,0.4166666666666714,0.4961240310077528,0.4594034797017414,0,4,0.1248593112157347,0.2010472640141679,27.7514,28.084692,2,2,3,0.006851677252351249,0.6070271063247186
54,190,-0.0011,0.0001,100.0,0.388554216867476,0.4061478090255122,0.403781228899394,1.0,0.5346215780998307,0.2424242424240219,0.313649825002237,0.4702380952380949,0.6012793176972195,0.294117647058556,0.3241304572195247,0.5682954982685686,0.5,0.4961240310077528,0.5197459265396347,4,1,0.0512479226590052,0.1546448087426081,8.625523,28.139067,3,3,2,0.0020680475399918203,0.5515019589192278
54,203,0.0024,-0.0001,100.0,0.6325301204819027,0.4506213211249203,0.4550979068197165,1.0,0.5555555555555429,0.2272727272729753,0.3122139459750528,0.4464285714285729,0.6162046908315659,0.2647058823527004,0.3611827846010982,0.4786456329357449,0.5833333333333357,0.5038759689922472,0.6311792322562795,0,1,0.081085746192641,0.2088868088429376,19.594908,31.397789,2,2,3,0.009677255985149992,0.5379779506944903
54,205,-0.0013,0.0002,100.0,0.3012048192771033,0.4964028776978466,0.5119851451721793,1.0,0.4959742351046543,0.1818181818180164,0.3363995333393177,0.3630952380952408,0.684434968017058,0.2058823529409892,0.4078852306739549,0.5613697575990813,0.3333333333333357,0.372093023255811,0.3554266777133357,4,1,0.0443783288402787,0.268424042712732,18.708418,23.162943,3,3,2,0.0026267106636220852,0.5669602920024603
54,206,0.0001,0.0001,100.0,0.322289156626482,0.2834096359276259,0.5016880486158009,1.0,0.5024154589372074,0.2121212121210192,0.3242394328277811,0.4880952380952408,0.6673773987206886,0.3235294117644116,0.3665496955310132,0.4267025779145825,0.5833333333333357,0.4728682170542626,0.4067937033968505,4,1,0.0487142367241845,0.1857716710352855,14.733832,22.622353,3,3,2,0.0054377563732161335,0.5159636680060002
54,224,-0.0017,0.0001,100.0,0.5512048192771033,0.571833442337045,0.627110060769752,1.0,0.4766505636070803,0.257575757575978,0.3953154446737841,0.4821428571428541,0.5031982942430631,0.3676470588234224,0.4106202910517069,0.4340130819545962,0.4166666666666714,0.4651162790697682,0.3224247445457067,0,4,0.3044111834398363,0.2502012449914222,34.91408,28.397839,2,2,0,0.0,0.5125432695160438
55,40,-0.0015,-0.0003,100.0,0.4006024096385374,0.3032483104425623,0.307731262660365,1.0,0.6988727858293231,0.2878787878789808,0.1490173202907669,0.2261904761904745,0.7953091684434952,0.3088235294117112,0.1761791722571999,0.4836475567526008,0.3333333333333357,0.6124031007751931,0.4737641535487427,4,2,-0.2933587157070041,-0.0541277457003887,-44.46769,-17.633797,3,3,4,0.5208144531773886,0.5208144531773886
55,41,-0.002,-0.0002,100.0,0.388554216867476,0.3812949640287826,0.5919986495611056,1.0,0.5152979066022425,0.3333333333330301,0.146235304675578,0.4761904761904745,0.5692963752665321,0.2794117647058556,0.1946021261224046,0.5001923816852667,0.3333333333333357,0.6666666666666643,0.566418116542394,4,4,0.0008426319138238,-0.08025182937205,14.7283,-49.96041,3,3,2,0.0019214748662423635,0.6661356206074286
55,129,0.0027,-0.0004,100.0,0.5,0.4837584477872312,0.5575624577987845,1.0,0.6167471819645698,0.257575757575978,0.2388943731490584,0.4166666666666643,0.63752665245201,0.3382352941175668,0.2589018474558742,0.3709118891881502,0.5,0.4573643410852668,0.4495995581331087,0,4,0.0752759235312716,0.0798072164711542,7.7372184,5.3361583,2,2,3,0.0036364438528510025,0.5324262852262184
55,132,0.0002,-0.0003,100.0,0.3825301204819311,0.3780248528450016,0.5332545577312615,1.0,0.5684380032206064,0.2727272727270247,0.2482275868258057,0.4523809523809525,0.5159914712153579,0.3235294117644116,0.2731964082980695,0.4609465178914931,0.5,0.480620155038757,0.6427782380557829,4,1,0.0386083105182648,0.0522680565413177,15.240344,15.314675,3,3,2,0.0030101411072027424,0.6675864621287807
55,138,0.0012,0.0003,100.0,0.4879518072289386,0.5570089383039019,0.4783929777177569,1.0,0.5539452495974189,0.3030303030300274,0.2701696132100863,0.375,0.5692963752665321,0.3235294117644116,0.3297037878005966,0.4874951904578637,0.4166666666666714,0.3875968992248033,0.585887876277269,0,1,0.095989940130714,0.1224702046204471,15.362736,18.938272,2,2,3,0.005515360693470893,0.5086204168730561
55,157,-0.0014,-0.0004,100.0,0.5662650602409656,0.490298670154786,0.5668467251856839,1.0,0.3687600644122284,0.2878787878789808,0.3601812797271861,0.4940476190476204,0.4264392324093933,0.2352941176468448,0.4171741149757437,0.6094651789149665,0.5,0.5581395348837184,0.3853907760287214,0,4,0.3354980268649297,0.2411065423751243,40.937603,29.803278,2,2,0,0.0,0.5963052297809524
55,162,0.0,-0.0004,100.0,0.5963855421686901,0.476128188358409,0.5163740715732601,1.0,0.4524959742350916,0.257575757575978,0.3973346495557806,0.5,0.4946695095948854,0.3529411764702672,0.431571885643514,0.5802231627549048,0.4166666666666714,0.4418604651162781,0.4446285556476113,0,4,0.2852470859270288,0.2528532238010268,39.601105,29.825571,2,2,0,0.0,0.4978853937746205
73,1,0.0032,0.0005,100.0,0.4909638554216826,0.4432090691083488,0.4505401755570553,1.0,0.5539452495974189,0.378787878787989,0.0925244548146864,0.3630952380952408,0.5479744136460454,0.3382352941175668,0.1144596965631095,0.32435552135437,0.5,0.4496124031007724,0.4777685722176201,0,1,0.0473123007195352,-0.1526595589375025,7.462398,-40.053413,2,2,3,0.0052413645587616915,0.5013859488414425
73,12,0.0041,0.0002,100.0,0.4036144578313099,0.331153259210815,0.3416610398379482,1.0,0.5877616747181946,0.3484848484849863,0.1071524724042021,0.4880952380952408,0.5266524520255729,0.4264705882351336,0.1227164826091424,0.5190457868410903,0.4166666666666714,0.5658914728682127,0.4315106324219826,4,1,0.031241203345927,-0.179309542532321,10.106349,-53.094643,3,3,2,0.0014321786689065843,0.568418911882159
73,14,-0.0006,0.0002,100.0,0.355421686746979,0.3642903858731259,0.5324105334233629,1.0,0.5410628019323696,0.378787878787989,0.1091716772861843,0.4047619047619051,0.5117270788912691,0.3676470588234224,0.0783878625245151,0.3701423624470905,0.25,0.4418604651162781,0.4882629107981273,4,1,0.0027859022188664,-0.2187612037013403,13.397082,-42.21037,3,3,2,0.0002820878519582648,0.5785139379334031
73,30,0.0031,0.0001,100.0,0.4337349397590344,0.3008502289077839,0.4481769074949362,1.0,0.4363929146537799,0.3939393939390356,0.0889347572466974,0.4464285714285729,0.4562899786780434,0.3823529411761228,0.1076994529879229,0.3409003462870359,0.4166666666666714,0.4961240310077528,0.6904170118751765,4,1,0.0099230133174847,-0.2347238439697897,11.282501,-57.38656,3,3,2,0.0010101250802029137,0.5376954047577558
73,33,0.0021,-0.0002,100.0,0.4036144578313099,0.3529540004360214,0.5133355840648228,1.0,0.6103059581320451,0.3636363636360329,0.0959795387238671,0.422619047619051,0.4840085287846563,0.397058823529278,0.166013004438021,0.4078491727587519,0.25,0.5581395348837184,0.5447390223695123,4,1,-0.029986826873124,-0.1786195234982529,13.120498,-42.657143,3,3,2,0.0018815457028889097,0.5330564863994193
73,36,0.0001,-0.0003,100.0,0.5783132530120554,0.3008502289077839,0.2532072923700212,1.0,0.5571658615136812,0.3333333333330301,0.0814412635735379,0.4404761904761933,0.5628997867803918,0.397058823529278,0.0837547734544301,0.4832627933820745,0.5,0.5891472868217029,0.4130074565037276,4,1,0.0223777367761495,-0.1961456100447498,28.141314,-48.572773,3,3,2,0.029601641275180963,0.5692800884339656
73,43,-0.0005,-0.0002,100.0,0.4789156626505928,0.3156747329409199,0.4841323430114812,1.0,0.5056360708534555,0.378787878787989,0.0561338957192845,0.5119047619047628,0.5970149253731307,0.3529411764702672,0.1219940138301183,0.4747979992304749,0.3333333333333357,0.5348837209302282,0.5693178679922681,4,1,0.0260940871128367,-0.212179145763472,5.163396,-46.549885,3,3,2,0.0011795216440838503,0.6639974267074078
73,48,-0.0026,0.0003,100.0,0.4969879518072275,0.5620231087857022,0.5658338960162048,1.0,0.4605475040257687,0.3181818181819835,0.0969667055550616,0.3392857142857153,0.6695095948827401,0.4117647058819784,0.1168851274641369,0.455559830704118,0.5833333333333357,0.5581395348837184,0.5305164319248874,0,4,0.1095999227840204,-0.119535845715198,32.660534,-15.822628,2,2,3,0.0015158026066223376,0.5231657478897188
73,70,-0.0,0.0005,100.0,0.2831325301204686,0.4279485502507114,0.4689399054692771,1.0,0.4959742351046543,0.4242424242420384,0.0639414879296396,0.3214285714285729,0.5202558635394468,0.4264705882351336,0.111208587057483,0.3501346671796881,0.4166666666666714,0.480620155038757,0.4718309859154956,4,1,0.0071328678783537,-0.230801790785586,8.034593,-38.683044,3,3,2,0.004717192491169373,0.5658826036450233
73,80,-0.0031,0.0003,100.0,0.355421686746979,0.3802049269675223,0.5400067521944649,1.0,0.5571658615136812,0.3484848484849863,0.0849860899219265,0.422619047619051,0.4477611940298374,0.3676470588234224,0.1119310558365143,0.3843786071565986,0.3333333333333357,0.5271317829457338,0.5792598729632701,4,1,-0.0011949186118103,-0.205500041454322,12.94966,-42.78481,3,3,2,0.001344388413675939,0.5986634989801559
73,142,0.0,0.0004,100.0,0.4698795180722754,0.6760409853935059,0.6451721809588129,1.0,0.5056360708534555,0.4545454545450411,0.1116395943641777,0.4880952380952408,0.4136460554370984,0.4558823529409892,0.1312312932191162,0.6791073489803807,0.5,0.3953488372093012,0.2880419773543181,3,4,0.4857479609403982,-0.1410249294285632,64.52831,-0.653843,1,1,2,0.0,0.6060469146448718
73,155,0.003,0.0004,100.0,0.3433734939759176,0.5842598648354027,0.5865968939905457,1.0,0.41867954911433,0.4393939393939945,0.0983577133626454,0.601190476190478,0.4285714285714306,0.5294117647054009,0.0888636598204115,0.6556367833782275,0.5833333333333357,0.4728682170542626,0.3483844241922114,0,4,0.450574256423176,-0.2124459584893591,68.81624,1.0891526,2,2,1,0.0,0.520890230653343
73,157,0.0001,-0.0001,100.0,0.5391566265060135,0.6034445171135872,0.6831532748143161,1.0,0.3687600644122284,0.4242424242420384,0.0755182625863781,0.5059523809523832,0.4264392324093933,0.4558823529409892,0.103880689441631,0.6767987687572159,0.4166666666666714,0.240310077519382,0.5205744269538783,3,0,0.4858315009184468,-0.2028737685205956,69.95001,-13.357737,1,1,2,0.0,0.5538820178530366
73,159,-0.0015,-0.0004,100.0,0.6174698795180689,0.5160235448005253,0.5636394328156662,1.0,0.4106280193236671,0.4696969696969972,0.0808130664991466,0.5535714285714306,0.4264392324093933,0.4852941176468448,0.092992052843428,0.6233166602539484,0.3333333333333357,0.4186046511627879,0.3840099420049689,0,4,0.423295263356403,-0.2445720645320546,69.8782,-17.135012,2,2,1,0.0,0.5015217481229064
73,166,0.0005,0.0003,100.0,0.4969879518072275,0.6699367778504524,0.6233963538149894,1.0,0.3446054750402538,0.4242424242420384,0.1387418110024256,0.5119047619047628,0.4392324093816597,0.4999999999995452,0.0991846423779563,0.7314351673720694,0.5833333333333357,0.550387596899224,0.4127312896989821,3,0,0.4912166751070483,-0.1577426429454996,62.95443,-1.2608799,1,1,2,0.0,0.5360972679944667
74,26,-0.0035,-0.0002,100.0,0.3855421686747036,0.515587529976024,0.425557056043214,0.0,0.6441223832528209,0.2424242424240219,0.1916898501301318,0.2797619047619051,0.6545842217483937,0.147058823529278,0.2302095159459156,0.4636398614851842,0.25,0.4651162790697682,0.6587959127312928,1,3,-0.2642010537150453,0.3098887404306225,-2.936585,68.53477,4,4,3,0.22089982723245374,0.7749483223364361
74,32,0.0005,0.0004,100.0,0.3132530120481931,0.4885546108567737,0.2905131667792027,1.0,0.7020933977455854,0.2121212121210192,0.1924526608633243,0.3214285714285729,0.6268656716417951,0.2205882352941444,0.275570234286306,0.3828395536744935,0.4166666666666714,0.5968992248061973,0.732946699806682,4,2,-0.2994934156505401,0.0696887259530992,-42.15091,24.248652,3,3,4,0.5937944414217209,0.5937944414217209
74,51,0.0002,-0.0003,100.0,0.3734939759036138,0.4504033137126697,0.3212356515867647,1.0,0.6054750402576445,0.2121212121210192,0.2148882706632022,0.2261904761904745,0.8379530916844402,0.2058823529409892,0.2462586438228911,0.5540592535590605,0.5833333333333357,0.7131782945736447,0.6847555923777975,4,2,-0.2871677642560386,0.1069699027427829,-8.247924,34.79755,3,3,4,0.6692087762788591,0.6692087762788591
74,69,0.0033,-0.0004,100.0,0.3132530120481931,0.2051449749291549,0.4066509115462509,1.0,0.6779388083735824,0.1818181818180164,0.1909719106165326,0.4523809523809525,0.6439232409381788,0.2205882352941444,0.2155537207142117,0.3312812620238574,0.4166666666666714,0.720930232558139,0.650372825186416,1,2,-0.3181505018951055,0.0002157246585359,-55.381603,-23.226892,4,4,3,0.385569177771915,0.610863249842734
74,72,-0.0016,0.0002,100.0,0.3825301204819311,0.3887072160453471,0.3165091154625266,1.0,0.628019323671495,0.1818181818180164,0.2014269047832755,0.2559523809523831,0.6673773987206886,0.1911764705882888,0.2331509959748174,0.4163139669103515,0.4166666666666714,0.5116279069767415,0.7227285280309275,4,2,-0.2865579424654067,0.0587868420209925,-45.590702,15.873713,3,3,4,0.5629884283741323,0.5629884283741323
74,83,-0.0017,0.0001,100.0,0.3162650602409655,0.278831480270334,0.343517893315326,1.0,0.6618357487922708,0.1818181818180164,0.221618953603162,0.2678571428571423,0.7313432835820919,0.2647058823527004,0.252760862834144,0.3959215082724157,0.4166666666666714,0.7131782945736447,0.3864954432477212,4,2,-0.2953822684081131,0.0661415924990897,-29.213074,9.831975,3,3,4,0.6529026147645842,0.6529026147645842
74,84,0.0003,0.0004,100.0,0.457831325301214,0.2132112491824713,0.3818365968939901,1.0,0.681159420289859,0.3030303030300274,0.1838373867001763,0.2440476190476168,0.6417910447761273,0.3088235294117112,0.2295902569924663,0.3285879184301663,0.1666666666666714,0.7441860465116292,0.5520574426953857,1,2,-0.349379262161321,-0.0612114399443515,-45.66472,-35.037605,4,4,3,0.35608753940067006,0.6401762073482432
74,86,0.0018,-0.0002,100.0,0.3403614457831452,0.3252670590800122,0.3306887238352445,1.0,0.7214170692431594,0.2121212121210192,0.2288432199587191,0.1488095238095255,0.5863539445629158,0.3235294117644116,0.2554959232118889,0.3832243170450198,0.4166666666666714,0.5736434108527142,0.6474730737365348,1,2,-0.3152225133930513,0.0410134358003741,-34.04686,1.4628612,4,4,3,0.45124543241146653,0.5470376890817648
74,88,-0.0026,0.0002,100.0,0.1957831325301242,0.408109875735775,0.3980418636056697,1.0,0.6537842190016079,0.1666666666669698,0.190433455981335,0.2857142857142847,0.6503198294243049,0.3088235294117112,0.2173598926617828,0.4190073105040426,0.3333333333333357,0.5968992248061973,0.6810273405136726,1,2,-0.3126566431665303,0.0027788640634435,-36.57772,-1.18099,4,4,3,0.36503229257408215,0.6310933473045517
74,110,-0.0034,0.0003,100.0,0.430722891566262,0.4510573359494287,0.4709655638082388,1.0,0.5233494363929196,0.2424242424240219,0.1832989320649716,0.4464285714285729,0.5671641791044806,0.3529411764702672,0.2091031066157498,0.5321277414390195,0.4166666666666714,0.720930232558139,0.5140845070422557,4,1,0.0084686100130849,-0.0238354284526014,-3.5327022,-8.475907,3,3,2,0.010134484751510884,0.6465799850717592
74,115,-0.003,-0.0002,100.0,0.3674698795180688,0.4543274471332097,0.4745104659014174,1.0,0.4927536231884062,0.2878787878789808,0.2143498160279975,0.4761904761904745,0.5628997867803918,0.25,0.2236040871090949,0.2958830319353609,0.5,0.5038759689922472,0.4932339132836247,4,1,0.0221641046834598,0.0215472006358493,3.5113614,-10.815861,3,3,2,0.0023193494029556437,0.5099607434360341
74,121,0.0034,-0.0003,100.0,0.397590361445765,0.3882712012208458,0.3970290344361906,1.0,0.4879227053140056,0.3030303030300274,0.21592030871399,0.4821428571428541,0.4861407249466936,0.3088235294117112,0.2111673031272545,0.4405540592535573,0.5,0.5813953488372086,0.5401822700911367,4,4,0.0410408287523093,-0.0200082113833965,14.914972,-4.2292237,3,3,2,0.0007548577767700521,0.5757032596059284
74,122,0.0009,0.0004,100.0,0.3102409638554206,0.5705253978635341,0.3998987170830546,1.0,0.4380032206119182,0.3181818181819835,0.180427174010596,0.4523809523809525,0.5287846481876244,0.3823529411761228,0.2055939725461826,0.462100808003079,0.3333333333333357,0.5813953488372086,0.5653134493233907,4,4,0.0249002930165626,-0.0655776103849172,5.934403,-21.301413,3,3,2,0.002334722699043122,0.5190134121273923
74,127,-0.002,0.0002,100.0,0.4759036144578203,0.494222803575326,0.4714719783929801,1.0,0.4460547504025811,0.3333333333330301,0.1544018666427362,0.4107142857142847,0.4669509594882726,0.3382352941175668,0.1840231190009333,0.4293959215082736,0.3333333333333357,0.4883720930232549,0.716790941728803,0,1,0.0441268100645447,-0.0990630602291531,14.445716,-56.101437,2,2,3,0.0024364463552600034,0.5353141860266645
74,147,0.0002,0.0002,100.0,0.5873493975903443,0.5720514497492957,0.6541188386225514,1.0,0.4331723027375176,0.4090909090909918,0.1741900744862192,0.5654761904761898,0.4754797441364502,0.3823529411761228,0.1360305501083729,0.5736821854559437,0.5,0.3333333333333321,0.2803093068213194,3,4,0.4939430468963854,-0.0812340717058417,65.76677,-7.09935,1,1,2,0.0,0.690702862328007
74,149,0.0,-0.0003,100.0,0.5843373493975719,0.5376062786134739,0.5084402430789972,1.0,0.2705314009661776,0.4242424242420384,0.2026384277124648,0.5357142857142847,0.3262260127931853,0.4117647058819784,0.1686448549901911,0.7268180069257397,0.5,0.4883720930232549,0.188345760839546,3,0,0.5689893432639963,-0.0839312942645086,67.66144,13.806502,1,1,2,0.0,0.5178581255993732
75,19,-0.0005,-0.0005,100.0,0.4457831325301242,0.5840418574231521,0.415259959486832,1.0,0.5990338164251341,0.257575757575978,0.0888450148075037,0.3928571428571423,0.5948827292110934,0.2205882352941444,0.1334503044689867,0.6244709503655272,0.3333333333333357,0.5271317829457338,0.3812482739574712,0,1,0.0429033287639258,-0.0666005415832878,8.13593,-19.887627,2,2,3,0.01245275565353163,0.7278039682748955
75,21,-0.0024,-0.0004,100.0,0.3704819277108697,0.4684979289295867,0.6519243754220092,1.0,0.5571658615136812,0.3636363636360329,0.0829668850399301,0.4464285714285729,0.6119402985074487,0.3382352941175668,0.1031066157498159,0.3889957676029283,0.3333333333333357,0.6279069767441854,0.58022645677989,4,1,-0.0170928911702203,-0.181698818988232,8.908744,-39.91963,3,3,2,0.00318900083977289,0.5209329923809374
75,50,-0.0027,-0.0003,100.0,0.4819277108433653,0.5487246566383277,0.3769412559081679,1.0,0.5378421900161072,0.3333333333330301,0.0953064704298611,0.4464285714285729,0.5287846481876244,0.3823529411761228,0.1412942512127131,0.3339746056175485,0.4166666666666714,0.480620155038757,0.6255178127589076,4,1,0.0172441066321565,-0.1445818593183449,15.29769,-37.6167,3,3,2,0.003161077873494628,0.5489141931478773
75,68,-0.0006,-0.0005,100.0,0.5150602409638338,0.4643557880967961,0.5501350438892629,1.0,0.6473429951690832,0.3030303030300274,0.1239343085345083,0.4583333333333321,0.5479744136460454,0.3382352941175668,0.09221797915162,0.5163524432473992,0.3333333333333357,0.5968992248061973,0.6376691521679092,4,1,0.0083799330513295,-0.1421178894158464,-3.9570522,-32.946213,3,3,2,0.003421721487971897,0.5499685197638344
75,79,0.0033,0.0001,100.0,0.3855421686747036,0.4591236102027451,0.4383862255232955,1.0,0.399355877616756,0.3333333333330301,0.1189984743785359,0.375,0.6417910447761273,0.3382352941175668,0.1037258747032723,0.4894190073105022,0.5,0.4573643410852668,0.4990334161833729,0,1,0.0668282132387404,-0.1319365105719105,21.304224,-26.87491,2,2,3,0.0036810017918711695,0.5982855761223119
75,86,0.0006,0.0001,100.0,0.4969879518072275,0.1715718334423428,0.4164415935178951,1.0,0.5587761674718337,0.3030303030300274,0.0924347123754856,0.4761904761904745,0.5394456289978677,0.3676470588234224,0.1137372277840853,0.5328972681800721,0.5,0.550387596899224,0.5789837061585246,4,4,0.0048738994614165,-0.179857465450143,18.529951,-50.824688,3,3,2,0.0016387693490623845,0.559447768541369
75,89,-0.0004,0.0001,100.0,0.4367469879518069,0.3461957706562089,0.5710668467251843,1.0,0.5716586151368688,0.378787878787989,0.1013192138562288,0.422619047619051,0.5266524520255729,0.4117647058819784,0.1308184539168095,0.375913813004999,0.5,0.5813953488372086,0.5907207953603972,4,1,0.0304444941548311,-0.1771977392620549,19.419983,-45.81643,3,3,2,0.0005930135188529445,0.6719650927768611
75,91,-0.0027,0.0003,100.0,0.355421686746979,0.3466317854807101,0.4643821742066158,1.0,0.5410628019323696,0.3484848484849863,0.0612940859732518,0.422619047619051,0.5884861407249531,0.4117647058819784,0.1002683455464961,0.4197768372450952,0.5833333333333357,0.4728682170542626,0.4962717481358751,0,1,0.0416089686075814,-0.1953480811788848,20.025423,-29.567501,2,2,3,0.0029316331664547227,0.49740904604801967
75,98,-0.0015,0.0004,100.0,0.4728915662650479,0.4861565293219954,0.420492910195815,1.0,0.5314009661835684,0.3181818181819835,0.0909090909090934,0.4702380952380949,0.5394456289978677,0.3382352941175668,0.125812777376403,0.4174682570219374,0.3333333333333357,0.3565891472868223,0.7245236122618053,4,1,0.0157279961087805,-0.1564168111127259,-6.805615,-34.129482,3,3,2,0.0020507641460114105,0.5437927127251658
75,104,0.0041,-0.0004,100.0,0.4156626506024281,0.1907564857205201,0.5366306549628632,1.0,0.4750402576489421,0.378787878787989,0.1388315534416264,0.4166666666666643,0.5202558635394468,0.3235294117644116,0.1188461141500667,0.4936514043863056,0.3333333333333357,0.5581395348837184,0.5012427506213797,4,1,0.0153366262614629,-0.1787608318751229,1.9428059,-52.902004,3,3,2,0.00040998430705156333,0.6832131061192929
75,108,0.0001,-0.0002,100.0,0.463855421686759,0.4966208851100973,0.4843011478730581,1.0,0.6038647342995205,0.3636363636360329,0.1008256304406387,0.4285714285714306,0.4733475479743987,0.3676470588234224,0.0968108163897198,0.3793766833397498,0.3333333333333357,0.5813953488372086,0.5098039215686256,4,1,0.028275432201183,-0.183825935232747,16.383091,-40.5243,3,3,2,0.0007295102836393784,0.6953858878307162
75,111,-0.0003,-0.0004,100.0,0.2801204819276961,0.3863091345105758,0.4034436191762331,1.0,0.4750402576489421,0.3333333333330301,0.0855245445571242,0.4880952380952408,0.4861407249466936,0.4264705882351336,0.0956239033956052,0.5836860330896485,0.5,0.5271317829457338,0.71251035625518,4,1,0.0358982838333468,-0.2148700786468645,4.6328955,-56.28961,3,3,2,8.004090685771777e-05,0.6760046227266082
75,172,0.0008,-0.0005,100.0,0.5090361445783174,0.4639197732722948,0.6021269412559107,1.0,0.3864734299516925,0.3636363636360329,0.0695055191600104,0.6309523809523796,0.4093816631130096,0.4852941176468448,0.0605325626999686,0.4305502116198525,0.6666666666666714,0.3255813953488378,0.3688207677437169,0,0,0.4620702863577178,-0.2260624340691055,74.07551,-6.7609982,2,2,1,0.0,0.5898014443692138
75,175,-0.0023,-0.0002,100.0,0.7620481927710898,0.4593416176150029,0.6414584740040503,1.0,0.5056360708534555,0.5151515151510466,0.0840886655299257,0.5833333333333321,0.4157782515991357,0.5147058823527004,0.0832903292393396,0.5021161985378981,0.5833333333333357,0.3410852713178265,0.5690417011875155,3,0,0.4696123471884792,-0.2436475866238473,74.93474,-15.759064,1,1,2,0.0,0.5390253111609428
75,184,-0.0037,0.0001,100.0,0.7018072289156692,0.5188576411597978,0.5398379473328845,1.0,0.4380032206119182,0.4545454545450411,0.0156600556403105,0.6071428571428577,0.4434968017057485,0.5294117647054009,0.0616678707812994,0.5321277414390195,0.6666666666666714,0.4573643410852668,0.3945042805854726,3,0,0.4861870719703335,-0.2720569031572895,75.903366,-6.0562687,1,1,2,0.0,0.6836950398492748
75,186,-0.0,-0.0001,100.0,0.3795180722891587,0.5029431000654014,0.5141796083727215,1.0,0.3091787439613398,0.5303030303030027,0.1053576236202076,0.5119047619047628,0.4093816631130096,0.5147058823527004,0.0672928062751552,0.8026163909195887,0.5,0.379844961240309,0.4483568075117361,3,0,0.4606438294385536,-0.2648964972990396,67.455734,-13.425201,1,1,2,0.0,0.6468171002671618
80,4,0.0007,-0.0003,100.0,0.5512048192771033,0.4046217571397434,0.5054017555705599,1.0,0.536231884057969,0.3484848484849863,0.117383110472943,0.3928571428571423,0.4882729211087451,0.3088235294117112,0.1757147280421094,0.4074644093882256,0.5833333333333357,0.6744186046511587,0.5709748688207696,0,1,0.0550139639379515,-0.0930313167366377,13.615456,-7.7535586,2,2,3,0.0015283629148569575,0.50563781269142
80,9,0.0023,-0.0003,100.0,0.319277108433738,0.2031829082188778,0.5477717758271439,1.0,0.5410628019323696,0.3484848484849863,0.1232163690209162,0.5357142857142847,0.5756929637526582,0.3676470588234224,0.1558468366188492,0.4886494805694497,0.4166666666666714,0.480620155038757,0.6549295774647916,4,1,-0.0058723012446417,-0.1580925225430259,-6.9737525,-53.098106,3,3,2,0.0011673513191898589,0.5680520862088921
80,10,0.0015,-0.0004,100.0,0.6656626506023997,0.3608022672770872,0.5778190411883877,1.0,0.6489533011272073,0.2878787878789808,0.1548505788387331,0.3988095238095255,0.6737739872068289,0.3676470588234224,0.1761275673444089,0.3943824547903105,0.4166666666666714,0.4186046511627879,0.5475006904170101,0,1,0.0426680882803387,-0.0516368652458296,24.05494,0.6228822,2,2,3,0.0023095441109298844,0.5922181905244162
80,18,0.0025,-0.0002,100.0,0.3493975903614341,0.3041203400915648,0.4787305874409178,1.0,0.5539452495974189,0.4242424242420384,0.1549851924975342,0.5178571428571423,0.4541577825160061,0.294117647058556,0.1747342346991445,0.3832243170450198,0.5,0.5426356589147296,0.582573874620266,4,1,0.0342959277926645,-0.1191403731899949,-1.152299,-51.329426,3,3,2,0.0,0.7489213715661308
80,22,-0.0007,0.0001,100.0,0.533132530120497,0.534990189666452,0.4998311951384195,1.0,0.5330112721417066,0.2878787878789808,0.0790182177151592,0.4642857142857153,0.7334754797441434,0.3529411764702672,0.1654969553101466,0.5202000769526762,0.4166666666666714,0.7054263565891432,0.5111847555923745,4,1,0.0169734730414257,-0.092894094366322,12.099152,-13.772947,3,3,2,0.008185629598952622,0.5108144443050027
80,23,0.0006,0.0002,100.0,0.4518072289156691,0.1909744931327708,0.4713031735313997,1.0,0.5523349436392806,0.3030303030300274,0.1318765144036646,0.4464285714285729,0.5266524520255729,0.3382352941175668,0.1700381876354626,0.3443632166217796,0.5,0.6124031007751931,0.528030930682128,4,1,-0.0481664203039537,-0.1196500154648007,12.896654,-49.991745,3,3,2,0.0033710918953822025,0.5085353372007808
80,26,-0.0003,-0.0005,100.0,0.5180722891566063,0.4885546108567737,0.4196488858879128,1.0,0.5797101449275459,0.3030303030300274,0.1382482275868284,0.3690476190476204,0.5948827292110934,0.4264705882351336,0.1871194137681868,0.5090419392073926,0.5,0.5271317829457338,0.4895056614194928,0,1,0.0725310986346257,-0.0659234582499451,20.68113,-9.295887,2,2,3,0.005420382337326782,0.6346415588440624
80,36,0.0025,-0.0001,100.0,0.4789156626505928,0.3605842598648365,0.5129979743416619,1.0,0.5442834138486319,0.378787878787989,0.1408507583236158,0.4821428571428541,0.5884861407249531,0.3529411764702672,0.2029105170812286,0.4882647171989234,0.3333333333333357,0.5968992248061973,0.5481911074288845,4,1,0.0300194227361962,-0.101796434056289,5.1752663,-46.43419,3,3,2,0.0010589848237840549,0.7077531874941061
80,42,0.0029,-0.0001,100.0,0.671686746987973,0.3634183562241162,0.4488521269412544,1.0,0.536231884057969,0.3030303030300274,0.1167549133985446,0.4404761904761933,0.6226012793177063,0.3382352941175668,0.1669934977809859,0.3701423624470905,0.4166666666666714,0.5426356589147296,0.4828776581054939,0,1,0.0406128082312868,-0.0957398343736883,22.707756,-51.89282,2,2,3,0.006231689676102692,0.5979971196351777
80,44,-0.0016,-0.0001,100.0,0.5240963855421796,0.3690865489426684,0.439567859554355,1.0,0.5668276972624824,0.2878787878789808,0.1412097280804118,0.3690476190476204,0.6481876332622676,0.4117647058819784,0.1438228919393154,0.3851481338976583,0.5833333333333357,0.372093023255811,0.5124275062137542,0,4,0.049704469484202,-0.0849196753050869,19.839378,-30.036745,2,2,3,0.006258465074297589,0.6803849972677393
80,45,0.0029,-0.0005,100.0,0.4427710843373234,0.4419010246348378,0.49864956110736,1.0,0.4847020933977433,0.2727272727270247,0.1141523826617643,0.3095238095238102,0.5650319829424433,0.2794117647058556,0.1618330065022206,0.4163139669103515,0.5,0.4341085271317837,0.4513946423639865,0,1,0.0529456509017073,-0.0670779784145678,22.794098,-29.54398,2,2,3,0.0063154183161210735,0.5370723836979843
80,49,0.0001,0.0003,100.0,0.6475903614457934,0.3736647045999604,0.5087778528021616,1.0,0.5668276972624824,0.2424242424240219,0.0940052050614781,0.2916666666666678,0.6162046908315659,0.3529411764702672,0.2128186603364668,0.514813389765294,0.3333333333333357,0.3875968992248033,0.4741784037558716,0,4,0.0552885153693394,-0.0613204986140508,26.570004,-13.589367,2,2,3,0.017051979565167234,0.5289921158631821
80,56,-0.0022,0.0,100.0,0.4789156626505928,0.3804229343797729,0.4863268062120163,1.0,0.5539452495974189,0.2727272727270247,0.1651260881270815,0.4404761904761933,0.5458422174840081,0.3823529411761228,0.1451130147590049,0.4624855713736053,0.5,0.5658914728682127,0.5770505385252704,4,1,0.039128284179549,-0.0869271909956509,17.528097,-45.804016,3,3,2,0.0023091518908360466,0.659098323638581
80,58,-0.0015,-0.0,100.0,0.4367469879518069,0.4918247220405476,0.4824442943956768,1.0,0.5394524959742455,0.3939393939390356,0.1798887193753913,0.5178571428571423,0.5159914712153579,0.3235294117644116,0.1913510166167853,0.3701423624470905,0.3333333333333357,0.5581395348837184,0.6019055509527789,4,1,0.0379059419038297,-0.0817081566440588,18.371767,-39.17219,3,3,2,8.107469747596754e-05,0.7305275811380211
80,70,0.0023,0.0005,100.0,0.3734939759036138,0.5018530630041411,0.4805874409182991,1.0,0.5152979066022425,0.2878787878789808,0.1791707798617992,0.422619047619051,0.5906183368870046,0.3088235294117112,0.1969759521106411,0.5748364755675226,0.5,0.6279069767441854,0.5074565037282497,0,4,0.054031452243937,-0.0131166278769971,8.909476,-12.957307,2,2,3,0.0037475588802335035,0.521829998536416
80,72,0.0012,0.0001,100.0,0.4096385542168832,0.4900806627425353,0.4343349088453756,1.0,0.6473429951690832,0.3484848484849863,0.1809207574261861,0.4047619047619051,0.3944562899786632,0.3382352941175668,0.1744762101352037,0.3455175067333584,0.5833333333333357,0.6124031007751931,0.4270919635459762,0,4,0.0672880557726865,-0.0537942805971481,41.523968,-8.456875,2,2,3,0.0032622890607002545,0.6003736160186489
80,83,0.0024,-0.0004,100.0,0.5271084337349521,0.4785262698931802,0.4888588791357193,1.0,0.6135265700483075,0.3030303030300274,0.1588889886027118,0.3928571428571423,0.4968017057569227,0.3235294117644116,0.1863453400763788,0.4132358599461341,0.5833333333333357,0.5581395348837184,0.5334161833747544,0,1,0.0770151478394787,-0.0328851057069448,19.904856,-5.6573133,2,2,3,0.0035222297125274,0.5267064483615724
80,108,-0.0014,0.0002,100.0,0.5421686746987859,0.5236538042293475,0.4024307900067505,1.0,0.637681159420282,0.257575757575978,0.2132280355380089,0.3630952380952408,0.6098081023454114,0.3235294117644116,0.2373825988234088,0.642170065409772,0.3333333333333357,0.4108527131782935,0.5201601767467565,0,1,0.0561897298235589,0.0472719972767859,21.828432,7.660307,2,2,3,0.012642194763395275,0.6585396182221507
80,149,0.0029,-0.0004,100.0,0.6686746987951722,0.6025724874645775,0.4741728561782565,1.0,0.3590982286634556,0.2878787878789808,0.3231176523377925,0.5535714285714306,0.4349680170575709,0.4117647058819784,0.3428630405614612,0.5525202000769553,0.6666666666666714,0.379844961240309,0.3601215133940911,2,4,0.4964594254368814,0.1679463420741086,49.90038,24.998959,0,0,2,0.0,0.541389704328295
80,152,0.0015,-0.0004,100.0,0.4397590361445509,0.6019184652278255,0.5857528696826471,1.0,0.3462157809983921,0.3484848484849863,0.3345598133357299,0.6547619047619087,0.4413646055437112,0.3382352941175668,0.3563835277118414,0.57791458253174,0.5833333333333357,0.4496124031007724,0.46299364816349,0,4,0.4379694989603769,0.161038496409387,54.89743,18.672394,2,2,0,0.0,0.6124198036745311
80,155,0.0006,-0.0002,100.0,0.569277108433738,0.6516241552212847,0.533423362592842,1.0,0.5120772946859802,0.3636363636360329,0.3431750874988779,0.6428571428571423,0.4477611940298374,0.3676470588234224,0.4120136236969713,0.5063485956137015,0.5,0.379844961240309,0.462579397956361,0,0,0.4055105675651804,0.2038667501289388,42.90733,25.968021,2,2,0,0.0,0.5510741304948724
86,8,-0.0003,0.0001,100.0,0.5421686746987859,0.2454763461957725,0.466576637407158,1.0,0.6859903381642596,0.1212121212120109,0.1420174100332047,0.2738095238095255,0.6886993603411469,0.1911764705882888,0.1960470636804672,0.518661023470564,0.3333333333333357,0.7441860465116292,0.6222038111019046,4,2,-0.2886004609137878,0.003749958687957,-32.339184,7.9225225,3,3,4,0.5308531883273047,0.5308531883273047
86,12,-0.0018,0.0004,100.0,0.3614457831325239,0.3954654458251596,0.3733963538149893,1.0,0.6763285024154584,0.2121212121210192,0.1911513954949271,0.2559523809523831,0.5671641791044806,0.3235294117644116,0.2090515017029588,0.3155059638322441,0.3333333333333357,0.5813953488372086,0.8254625793979571,1,2,-0.3212449210607088,-0.0286176646304296,-39.443966,-11.539841,4,4,3,0.4421030787618063,0.5554688020233752
86,23,-0.001,0.0,100.0,0.3162650602409655,0.5434924787442839,0.3171843349088448,1.0,0.6586151368760227,0.2272727272729753,0.160324867629896,0.3154761904761933,0.7292110874200404,0.294117647058556,0.2315512436784033,0.3455175067333584,0.4166666666666714,0.6279069767441854,0.6575531621099131,4,2,-0.2829456214222162,0.0167293396559424,-42.00105,25.522564,3,3,4,0.5407425296962718,0.5407425296962718
86,28,-0.0001,0.0001,100.0,0.2198795180723038,0.4028776978417312,0.4404118838622537,1.0,0.6602254428341467,0.2272727272729753,0.1570941398187173,0.3630952380952408,0.7100213219616194,0.2647058823527004,0.2039426153369774,0.4163139669103515,0.3333333333333357,0.7829457364341046,0.6147473073736549,1,2,-0.3206561196151425,-0.027180295554291,-37.697357,-0.8284649,4,4,3,0.40167689884080043,0.5945346098842161
86,144,-0.0018,0.0005,100.0,0.4457831325301242,0.4052757793765025,0.5523295070898051,1.0,0.5426731078905078,0.3333333333330301,0.1925872745221184,0.4404761904761933,0.5159914712153579,0.3088235294117112,0.2203013726906775,0.4136206233166604,0.5833333333333357,0.6976744186046488,0.6259320629660294,4,1,0.0276858662864596,-0.0199413212860386,13.595331,-7.7989945,3,3,2,0.0016150052578650406,0.6134332760995881
86,145,0.0036,-0.0001,100.0,0.3042168674698757,0.5552648790058896,0.4042876434841318,1.0,0.5716586151368688,0.2727272727270247,0.1872027281701562,0.4761904761904745,0.4840085287846563,0.3823529411761228,0.2428011146661148,0.3932281646787245,0.3333333333333357,0.3953488372093012,0.5429439381386345,4,4,0.0353187381875423,-0.0192997391403938,31.185427,-26.840849,3,3,2,0.0018812803535274063,0.5236449316428158
86,149,-0.0001,-0.0001,100.0,0.3614457831325239,0.6498800959232582,0.4940918298446988,1.0,0.5990338164251341,0.3181818181819835,0.1962667145293011,0.4642857142857153,0.6652452025586229,0.3676470588234224,0.2375890184745586,0.4828780300115483,0.4166666666666714,0.3565891472868223,0.6502347417840397,0,1,0.0625465033988724,0.0212865572222373,31.30287,-3.692998,2,2,3,0.0018880685893865707,0.5019752460298704
86,151,-0.0024,0.0004,100.0,0.4698795180722754,0.6357096141268812,0.4086765698852126,1.0,0.5603864734299577,0.2424242424240219,0.1786323252266015,0.4285714285714306,0.5565031982942372,0.3235294117644116,0.2159149551037273,0.5425163524432506,0.5,0.5116279069767415,0.6017674675503955,0,1,0.0807337124101995,0.0234866394567896,30.743761,-3.0780957,2,2,3,0.004629061561785601,0.5221688461101296
86,153,-0.0017,0.0001,100.0,0.5150602409638338,0.2705471986047598,0.4689399054692771,1.0,0.5410628019323696,0.2878787878789808,0.2210804989679644,0.4642857142857153,0.5287846481876244,0.3235294117644116,0.2257714934461745,0.417083493651404,0.5,0.5658914728682127,0.5657276995305125,4,1,0.0238329554499954,-0.0091306961519918,15.481191,4.5503283,3,3,2,0.002147200438502454,0.6137899017054358
86,167,0.001,0.0002,100.0,0.4126506024096557,0.4619577065620248,0.4307900067521935,1.0,0.5491143317230183,0.3181818181819835,0.2176702862783841,0.375,0.5735607675906209,0.3088235294117112,0.2165342140571766,0.5667564447864635,0.5833333333333357,0.4108527131782935,0.5952775476387728,0,1,0.0810480346089849,0.0245390272928508,19.526022,13.547448,2,2,3,0.005181075300947295,0.5414791847083718
86,170,0.0002,-0.0003,100.0,0.3915662650602485,0.4224983649444098,0.5835584064821049,1.0,0.5652173913043441,0.3484848484849863,0.2131831643184085,0.3630952380952408,0.4925373134328339,0.3088235294117112,0.256476416554861,0.4797999230473309,0.4166666666666714,0.6666666666666643,0.486743993371995,4,4,0.0360546587434389,0.004169633012611,5.832825,-14.426086,3,3,2,0.0019237374407764702,0.5021304143043975
86,180,0.0004,0.0001,100.0,0.3825301204819311,0.2624809243514292,0.487002025658338,1.0,0.5716586151368688,0.3333333333330301,0.1910167818361259,0.4761904761904745,0.5095948827292176,0.3823529411761228,0.2339250696666326,0.4694113120430927,0.5,0.5658914728682127,0.5120132560066253,4,1,0.042117528783698,-0.0495853396469229,0.3772111,-51.359016,3,3,2,0.0,0.765003818062485
